CustomerID,Purchase_Count,Total_Spend,Avg_Order_Value,Avg_UnitPrice,First_Purchase,Last_Purchase,Country,Spend_Segment,Freq_Segment
1,3,1350.77,270.154,107.05999999999999,2011-05-16,2011-07-27,UK,Medium,Medium (3-4)
2,1,425.03,141.67666666666665,65.88333333333334,2011-06-05,2011-06-05,Netherlands,Low,Low (1-2)
3,3,2310.85,231.08499999999998,81.668,2011-02-11,2011-05-01,Germany,High,Medium (3-4)
4,5,4489.42,299.29466666666667,77.206,2011-03-11,2011-06-19,UK,High,High (5+)
5,2,431.65999999999997,143.88666666666666,52.74333333333333,2011-02-28,2011-05-08,UK,Low,Low (1-2)
6,6,1892.76,157.73,58.21,2011-02-22,2011-05-25,UK,High,High (5+)
7,3,1248.71,178.38714285714286,57.13,2011-02-25,2011-05-28,UK,Medium,Medium (3-4)
8,2,1646.16,235.1657142857143,67.60714285714286,2011-03-20,2011-03-23,France,Medium,Low (1-2)
9,4,1798.62,199.84666666666666,101.04,2011-02-21,2011-05-27,UK,Medium,Medium (3-4)
10,3,1089.63,217.92600000000002,54.79600000000001,2011-04-13,2011-06-15,Germany,Medium,Medium (3-4)
11,1,379.01,189.505,62.785,2011-03-13,2011-03-13,UK,Low,Low (1-2)
12,1,355.88,355.88,88.97,2011-07-12,2011-07-12,Netherlands,Low,Low (1-2)
13,1,1349.61,449.86999999999995,120.82333333333334,2011-04-27,2011-04-27,France,Medium,Low (1-2)
14,6,4043.55,202.1775,77.2285,2011-02-20,2011-08-03,UK,High,High (5+)
15,7,4711.54,214.1609090909091,91.86181818181818,2011-02-09,2011-05-29,UK,High,High (5+)
16,3,1758.8,293.1333333333333,111.27499999999999,2011-05-05,2011-07-30,UK,Medium,Medium (3-4)
17,3,3830.17,273.5835714285714,87.25071428571428,2011-01-30,2011-04-19,UK,High,Medium (3-4)
18,4,5013.2,334.2133333333333,94.22666666666667,2011-01-23,2011-06-27,UK,High,Medium (3-4)
19,3,1258.28,157.285,56.11625,2011-02-18,2011-04-08,UK,Medium,Medium (3-4)
20,4,1860.27,206.69666666666666,65.00777777777778,2011-02-15,2011-06-10,UK,Medium,Medium (3-4)
21,2,533.08,106.61600000000001,44.476,2011-02-04,2011-02-25,UK,Low,Low (1-2)
22,3,230.63,57.6575,31.04,2011-02-05,2011-06-20,UK,Low,Medium (3-4)
23,3,2314.55,231.455,74.699,2011-02-07,2011-07-28,UK,High,Medium (3-4)
24,4,2349.4700000000003,195.7891666666667,62.80666666666667,2011-05-10,2011-07-24,UK,High,Medium (3-4)
25,3,1238.15,206.35833333333335,75.175,2011-03-24,2011-06-08,UK,Medium,Medium (3-4)
26,5,2957.13,227.47153846153847,61.63461538461539,2011-02-12,2011-07-03,Germany,High,High (5+)
27,3,1262.24,180.32,52.55571428571428,2011-01-21,2011-06-09,UK,Medium,Medium (3-4)
28,3,1831.28,228.91,60.36125,2011-02-28,2011-06-23,UK,Medium,Medium (3-4)
29,3,1430.85,178.85625,66.6,2011-07-04,2011-07-18,UK,Medium,Medium (3-4)
30,3,2378.3900000000003,237.83900000000003,60.089,2011-02-28,2011-08-10,UK,High,Medium (3-4)
31,3,2432.92,270.32444444444445,75.09777777777778,2011-04-03,2011-07-31,UK,High,Medium (3-4)
32,3,2027.57,155.96692307692308,53.395384615384614,2011-01-29,2011-06-06,UK,High,Medium (3-4)
33,3,1158.5,144.8125,51.47625,2011-02-07,2011-04-20,UK,Medium,Medium (3-4)
34,1,89.58,44.79,44.79,2011-03-26,2011-03-26,Netherlands,Low,Low (1-2)
35,4,2750.88,196.49142857142857,53.13857142857143,2011-02-25,2011-07-30,Netherlands,High,Medium (3-4)
36,5,2667.71,177.84733333333332,74.54400000000001,2011-03-20,2011-07-10,France,High,High (5+)
37,7,4293.33,214.66649999999998,77.94500000000001,2011-02-25,2011-07-12,UK,High,High (5+)
38,4,2306.23,230.623,87.84100000000001,2011-03-12,2011-08-10,UK,High,Medium (3-4)
39,3,2120.78,176.73166666666668,62.251666666666665,2011-01-22,2011-04-26,UK,High,Medium (3-4)
40,7,4117.83,216.7278947368421,64.82473684210527,2011-04-02,2011-07-21,UK,High,High (5+)
41,3,1249.25,138.80555555555554,53.080000000000005,2011-02-24,2011-07-14,UK,Medium,Medium (3-4)
42,4,2082.88,208.288,76.137,2011-03-31,2011-05-27,UK,High,Medium (3-4)
43,3,1273.08,127.30799999999999,54.056000000000004,2011-06-08,2011-07-12,UK,Medium,Medium (3-4)
44,1,341.61,113.87,48.18333333333334,2011-06-17,2011-06-17,Spain,Low,Low (1-2)
45,3,2089.9,232.2111111111111,83.56444444444445,2011-02-14,2011-07-21,UK,High,Medium (3-4)
46,3,714.0,119.0,65.05333333333333,2011-02-07,2011-05-15,UK,Low,Medium (3-4)
47,2,498.98,71.28285714285714,45.26,2011-01-24,2011-02-20,UK,Low,Low (1-2)
48,3,1225.86,175.12285714285713,66.37714285714286,2011-02-06,2011-06-20,UK,Medium,Medium (3-4)
49,4,3213.26,267.7716666666667,91.47666666666667,2011-03-24,2011-06-05,UK,High,Medium (3-4)
50,3,1445.4900000000002,160.61,81.35444444444445,2011-03-25,2011-05-19,UK,Medium,Medium (3-4)
51,1,722.33,144.466,57.81,2011-02-03,2011-02-03,Netherlands,Low,Low (1-2)
52,2,874.5799999999999,145.76333333333332,55.348333333333336,2011-01-26,2011-06-15,Germany,Low,Low (1-2)
53,1,468.75,468.75,93.75,2011-05-10,2011-05-10,Spain,Low,Low (1-2)
54,1,710.8299999999999,236.9433333333333,64.35333333333334,2011-01-08,2011-01-08,Spain,Low,Low (1-2)
55,5,2326.7200000000003,178.97846153846154,78.07153846153845,2011-02-12,2011-07-16,UK,High,High (5+)
56,1,477.6100000000001,238.80500000000006,60.685,2011-03-12,2011-03-12,Spain,Low,Low (1-2)
57,3,1225.53,153.19125,77.93,2011-02-08,2011-07-08,UK,Medium,Medium (3-4)
58,3,1882.8400000000001,209.20444444444445,68.40222222222222,2011-04-13,2011-06-24,UK,High,Medium (3-4)
59,3,983.4900000000001,122.93625000000002,39.706250000000004,2011-01-23,2011-06-11,UK,Low,Medium (3-4)
60,1,926.8,308.93333333333334,79.60333333333334,2011-05-29,2011-05-29,UK,Low,Low (1-2)
61,2,260.85,65.2125,54.3325,2011-02-26,2011-05-11,UK,Low,Low (1-2)
62,1,453.2,151.06666666666666,74.58666666666666,2011-06-23,2011-06-23,UK,Low,Low (1-2)
63,3,1594.3200000000002,144.93818181818185,45.2109090909091,2011-02-12,2011-02-20,France,Medium,Medium (3-4)
64,3,1220.15,152.51875,65.07249999999999,2011-03-09,2011-05-15,UK,Medium,Medium (3-4)
65,3,3796.02,316.335,82.56,2011-02-05,2011-07-04,UK,High,Medium (3-4)
66,4,1389.5700000000002,198.51000000000002,62.868571428571435,2011-04-22,2011-08-27,UK,Medium,Medium (3-4)
67,3,1085.08,120.56444444444443,51.90555555555555,2011-02-26,2011-07-11,UK,Medium,Medium (3-4)
68,3,2167.21,309.6014285714286,73.16857142857144,2011-03-03,2011-06-30,France,High,Medium (3-4)
69,4,1392.94,154.7711111111111,70.16888888888889,2011-03-10,2011-06-06,UK,Medium,Medium (3-4)
70,6,2551.23,170.082,63.60133333333333,2011-03-12,2011-06-21,Netherlands,High,High (5+)
71,5,1652.17,206.52125,59.2025,2011-02-27,2011-08-06,Germany,Medium,High (5+)
72,3,818.54,204.635,102.06,2011-03-02,2011-08-03,UK,Low,Medium (3-4)
73,3,2015.54,287.9342857142857,96.02857142857144,2011-05-08,2011-07-05,UK,High,Medium (3-4)
74,3,2956.69,328.5211111111111,98.29222222222222,2011-06-10,2011-08-19,France,High,Medium (3-4)
75,1,692.96,692.96,173.24,2011-08-12,2011-08-12,Germany,Low,Low (1-2)
76,3,3344.97,257.3053846153846,84.82384615384616,2011-02-17,2011-07-06,Germany,High,Medium (3-4)
77,3,2652.54,294.7266666666667,72.89222222222222,2011-03-08,2011-05-16,Germany,High,Medium (3-4)
78,3,2652.39,265.239,94.252,2011-03-06,2011-06-20,UK,High,Medium (3-4)
79,3,2611.16,237.37818181818182,82.43363636363637,2011-05-11,2011-07-26,UK,High,Medium (3-4)
80,3,1848.03,264.0042857142857,77.15285714285713,2011-01-30,2011-03-29,UK,Medium,Medium (3-4)
81,3,731.7,121.95,54.663333333333334,2011-01-22,2011-04-05,France,Low,Medium (3-4)
82,3,1194.1100000000001,170.58714285714288,52.25285714285714,2011-03-21,2011-05-25,UK,Medium,Medium (3-4)
83,1,979.55,244.8875,102.9625,2011-06-05,2011-06-05,UK,Low,Low (1-2)
84,3,999.23,124.90375,66.34125,2011-05-01,2011-07-27,UK,Low,Medium (3-4)
85,3,1947.1100000000001,324.5183333333334,78.73833333333333,2011-05-14,2011-06-20,UK,High,Medium (3-4)
86,3,1662.76,207.845,65.03375,2011-03-07,2011-05-19,UK,Medium,Medium (3-4)
87,3,1968.85,218.7611111111111,75.96,2011-03-31,2011-08-08,Germany,High,Medium (3-4)
88,5,4314.22,215.711,60.553,2011-03-03,2011-07-09,UK,High,High (5+)
90,3,2163.87,240.42999999999998,99.15777777777778,2011-05-28,2011-06-25,UK,High,Medium (3-4)
91,3,1480.74,164.52666666666667,45.714444444444446,2011-02-18,2011-06-06,UK,Medium,Medium (3-4)
92,3,1362.87,170.35875,74.63,2011-03-18,2011-05-20,Germany,Medium,Medium (3-4)
93,1,155.25,155.25,51.75,2011-06-18,2011-06-18,Germany,Low,Low (1-2)
94,1,1227.9299999999998,409.30999999999995,104.12666666666667,2011-07-08,2011-07-08,UK,Medium,Low (1-2)
95,1,607.7,151.925,53.1625,2011-03-04,2011-03-04,Germany,Low,Low (1-2)
96,3,1476.0800000000002,246.01333333333335,82.56166666666667,2011-05-26,2011-06-30,UK,Medium,Medium (3-4)
97,3,1357.49,150.8322222222222,61.72333333333333,2011-02-25,2011-05-16,UK,Medium,Medium (3-4)
98,3,839.1800000000001,167.836,63.32000000000001,2011-02-26,2011-05-08,UK,Low,Medium (3-4)
99,4,2251.98,187.665,68.2325,2011-04-03,2011-07-19,UK,High,Medium (3-4)
100,3,889.2,148.20000000000002,59.1,2011-05-07,2011-05-31,UK,Low,Medium (3-4)
101,3,815.1600000000001,163.032,66.908,2011-04-17,2011-06-20,UK,Low,Medium (3-4)
102,4,5177.78,272.51473684210526,78.33526315789473,2011-03-08,2011-07-17,UK,High,Medium (3-4)
103,3,772.1,154.42000000000002,102.88399999999999,2011-02-26,2011-07-23,UK,Low,Medium (3-4)
104,4,2208.51,169.88538461538462,73.45307692307692,2011-03-21,2011-08-28,UK,High,Medium (3-4)
105,1,651.8499999999999,217.2833333333333,52.916666666666664,2011-06-04,2011-06-04,Spain,Low,Low (1-2)
106,2,934.17,133.45285714285714,85.33000000000001,2011-04-25,2011-05-25,UK,Low,Low (1-2)
107,3,2173.68,241.51999999999998,75.69555555555556,2011-02-12,2011-06-22,UK,High,Medium (3-4)
108,4,1581.5400000000002,175.7266666666667,71.61111111111111,2011-02-12,2011-07-06,Germany,Medium,Medium (3-4)
109,3,1160.04,232.00799999999998,70.86,2011-02-22,2011-03-19,UK,Medium,Medium (3-4)
110,3,2714.4700000000003,301.6077777777778,94.59666666666666,2011-04-02,2011-06-21,UK,High,Medium (3-4)
111,3,3352.34,335.23400000000004,97.158,2011-03-11,2011-05-25,UK,High,Medium (3-4)
112,3,1184.74,197.45666666666668,50.23500000000001,2011-03-09,2011-04-27,UK,Medium,Medium (3-4)
113,1,561.4499999999999,112.28999999999999,28.314,2011-06-12,2011-06-12,Spain,Low,Low (1-2)
114,1,737.83,184.4575,42.397499999999994,2011-03-26,2011-03-26,France,Low,Low (1-2)
115,3,3792.92,316.07666666666665,101.9225,2011-03-23,2011-06-20,UK,High,Medium (3-4)
116,4,2570.78,183.62714285714287,57.385714285714286,2011-02-03,2011-04-10,France,High,Medium (3-4)
117,1,935.66,311.88666666666666,93.36,2011-03-13,2011-03-13,France,Low,Low (1-2)
118,2,2692.7799999999997,299.19777777777773,88.94888888888889,2011-05-27,2011-07-22,UK,High,Low (1-2)
120,3,595.8199999999999,99.30333333333333,38.361666666666665,2011-02-24,2011-06-29,UK,Low,Medium (3-4)
121,1,243.23000000000002,121.61500000000001,50.585,2011-07-19,2011-07-19,France,Low,Low (1-2)
122,1,215.26999999999998,71.75666666666666,47.63999999999999,2011-02-25,2011-02-25,Spain,Low,Low (1-2)
123,7,7486.84,287.9553846153846,89.9403846153846,2011-03-03,2011-08-10,UK,High,High (5+)
124,2,545.39,136.3475,52.3275,2011-02-04,2011-04-08,UK,Low,Low (1-2)
125,3,1070.46,133.8075,36.7975,2011-04-01,2011-08-22,UK,Medium,Medium (3-4)
126,3,2264.73,188.7275,65.7175,2011-03-07,2011-08-14,UK,High,Medium (3-4)
127,1,117.5,117.5,58.75,2011-02-23,2011-02-23,France,Low,Low (1-2)
128,3,1538.0900000000001,219.72714285714287,66.73857142857143,2011-01-18,2011-04-27,France,Medium,Medium (3-4)
129,3,1727.14,345.428,87.338,2011-05-07,2011-06-21,UK,Medium,Medium (3-4)
130,4,3741.74,311.81166666666667,98.32416666666667,2011-03-10,2011-08-17,UK,High,Medium (3-4)
131,3,2469.65,308.70625,94.77250000000001,2011-04-07,2011-05-15,UK,High,Medium (3-4)
132,3,3197.86,355.3177777777778,139.38888888888889,2011-03-04,2011-04-25,UK,High,Medium (3-4)
133,2,1406.51,200.93,71.30142857142857,2011-02-21,2011-05-29,UK,Medium,Low (1-2)
134,3,946.26,189.252,60.446000000000005,2011-03-17,2011-06-28,UK,Low,Medium (3-4)
135,1,206.07,103.035,39.615,2011-05-17,2011-05-17,Netherlands,Low,Low (1-2)
136,3,1131.76,161.68,59.364285714285714,2011-02-28,2011-04-29,UK,Medium,Medium (3-4)
137,3,1796.32,199.5911111111111,59.80222222222223,2011-01-23,2011-06-15,UK,Medium,Medium (3-4)
138,1,79.7,79.7,15.94,2011-07-08,2011-07-08,Germany,Low,Low (1-2)
139,3,1783.7,254.81428571428572,79.41714285714286,2011-05-03,2011-07-23,UK,Medium,Medium (3-4)
140,4,1655.06,165.506,62.220000000000006,2011-03-14,2011-07-31,Netherlands,Medium,Medium (3-4)
141,4,2151.79,268.97375,81.37125,2011-03-18,2011-07-04,Netherlands,High,Medium (3-4)
142,3,1670.28,208.785,87.08625,2011-03-29,2011-07-09,UK,Medium,Medium (3-4)
143,2,863.01,107.87625,43.0325,2011-01-28,2011-06-15,UK,Low,Low (1-2)
144,3,1666.98,208.3725,77.43625,2011-03-27,2011-05-01,UK,Medium,Medium (3-4)
145,3,935.1900000000002,133.59857142857146,75.74857142857142,2011-05-29,2011-07-13,UK,Low,Medium (3-4)
146,4,3328.71,332.871,94.947,2011-02-28,2011-05-20,UK,High,Medium (3-4)
147,3,679.74,135.948,42.368,2011-03-01,2011-07-25,UK,Low,Medium (3-4)
148,2,1157.02,192.83666666666667,116.7,2011-03-27,2011-08-14,UK,Medium,Low (1-2)
149,3,2204.21,220.421,82.89099999999999,2011-04-11,2011-06-21,UK,High,Medium (3-4)
150,3,1881.4499999999998,268.7785714285714,74.54571428571428,2011-03-14,2011-08-06,UK,High,Medium (3-4)
151,1,675.0,225.0,113.57000000000001,2011-07-14,2011-07-14,Spain,Low,Low (1-2)
152,3,1213.06,110.2781818181818,35.99545454545454,2011-01-17,2011-06-29,UK,Medium,Medium (3-4)
153,3,724.72,241.57333333333335,91.27,2011-04-19,2011-07-10,UK,Low,Medium (3-4)
154,4,4161.18,244.77529411764706,60.6935294117647,2011-03-27,2011-06-28,UK,High,Medium (3-4)
155,1,195.36,195.36,97.68,2011-06-26,2011-06-26,Netherlands,Low,Low (1-2)
156,3,1205.97,172.28142857142856,57.4,2011-02-25,2011-05-05,UK,Medium,Medium (3-4)
157,3,1034.71,172.45166666666668,82.595,2011-02-22,2011-07-09,UK,Low,Medium (3-4)
158,1,477.55,238.775,89.945,2011-04-06,2011-04-06,Germany,Low,Low (1-2)
159,3,1340.0,223.33333333333334,65.02833333333334,2011-02-15,2011-07-06,UK,Medium,Medium (3-4)
160,2,2762.75,345.34375,101.09125,2011-03-31,2011-06-05,Germany,High,Low (1-2)
161,3,1104.15,184.025,58.13666666666666,2011-03-18,2011-04-30,UK,Medium,Medium (3-4)
162,3,1417.21,177.15125,81.9225,2011-03-07,2011-05-25,UK,Medium,Medium (3-4)
163,1,399.05,99.7625,47.6875,2011-08-18,2011-08-18,UK,Low,Low (1-2)
164,5,4462.05,297.47,89.80933333333333,2011-02-14,2011-06-30,UK,High,High (5+)
165,4,2271.1,206.46363636363637,66.83727272727273,2011-02-07,2011-05-01,UK,High,Medium (3-4)
166,1,715.29,143.058,66.388,2011-06-08,2011-06-08,France,Low,Low (1-2)
167,2,890.44,127.2057142857143,49.23571428571428,2011-02-06,2011-06-10,UK,Low,Low (1-2)
168,3,1745.68,249.38285714285715,84.31714285714285,2011-02-08,2011-07-06,UK,Medium,Medium (3-4)
169,3,1138.83,162.69,59.69,2011-05-14,2011-06-30,UK,Medium,Medium (3-4)
170,3,1084.66,135.5825,47.89125,2011-05-12,2011-06-08,UK,Medium,Medium (3-4)
171,3,1878.26,187.826,97.55,2011-03-06,2011-04-07,UK,Medium,Medium (3-4)
172,3,2428.3900000000003,242.83900000000003,77.196,2011-03-12,2011-06-16,UK,High,Medium (3-4)
173,2,936.27,187.254,80.374,2011-04-18,2011-05-18,UK,Low,Low (1-2)
174,2,574.01,143.5025,39.475,2011-06-22,2011-08-11,UK,Low,Low (1-2)
175,3,843.69,140.615,36.931666666666665,2011-01-28,2011-04-11,UK,Low,Medium (3-4)
176,4,3999.6000000000004,333.3,94.95333333333333,2011-01-19,2011-06-06,UK,High,Medium (3-4)
177,4,3109.22,388.6525,95.1975,2011-04-22,2011-06-19,UK,High,Medium (3-4)
178,3,333.13,83.2825,73.6675,2011-02-17,2011-03-18,UK,Low,Medium (3-4)
179,1,713.4,356.7,78.61500000000001,2011-05-14,2011-05-14,Spain,Low,Low (1-2)
180,6,2169.3500000000004,241.03888888888892,62.20777777777778,2011-02-14,2011-05-29,UK,High,High (5+)
181,4,3622.15,241.47666666666666,102.39,2011-03-05,2011-07-03,UK,High,Medium (3-4)
182,4,4080.05,291.4321428571429,85.76214285714286,2011-03-30,2011-07-22,UK,High,Medium (3-4)
183,1,983.97,196.794,78.128,2011-04-26,2011-04-26,Spain,Low,Low (1-2)
184,1,731.1700000000001,182.79250000000002,55.9225,2011-02-10,2011-02-10,France,Low,Low (1-2)
185,3,1600.95,177.88333333333333,68.22888888888889,2011-04-10,2011-07-03,UK,Medium,Medium (3-4)
186,3,1551.15,258.52500000000003,80.16166666666668,2011-07-02,2011-07-22,UK,Medium,Medium (3-4)
187,2,517.72,129.43,55.14,2011-02-11,2011-04-25,France,Low,Low (1-2)
188,3,1683.61,187.06777777777776,55.88111111111111,2011-02-20,2011-06-20,UK,Medium,Medium (3-4)
189,4,2987.33,199.15533333333332,70.22066666666666,2011-03-04,2011-05-18,UK,High,Medium (3-4)
190,4,2380.22,216.38363636363636,69.74,2011-04-25,2011-07-28,UK,High,Medium (3-4)
191,3,2146.51,238.50111111111113,67.8288888888889,2011-02-28,2011-08-21,UK,High,Medium (3-4)
193,1,477.43,159.14333333333335,53.343333333333334,2011-04-22,2011-04-22,Spain,Low,Low (1-2)
194,2,982.9,163.81666666666666,45.44166666666666,2011-06-11,2011-06-19,UK,Low,Low (1-2)
195,2,1976.84,282.4057142857143,109.15571428571427,2011-03-15,2011-06-21,UK,High,Low (1-2)
196,3,727.3199999999999,103.90285714285713,69.11428571428571,2011-02-17,2011-04-15,UK,Low,Medium (3-4)
197,1,541.46,135.365,52.34,2011-02-25,2011-02-25,Germany,Low,Low (1-2)
198,1,86.32,86.32,43.16,2011-05-18,2011-05-18,Spain,Low,Low (1-2)
199,1,723.28,241.09333333333333,78.46666666666667,2011-04-17,2011-04-17,Spain,Low,Low (1-2)
200,3,2765.48,230.45666666666668,70.23083333333334,2011-03-22,2011-07-30,Germany,High,Medium (3-4)
201,2,621.49,155.3725,67.2775,2011-02-01,2011-05-18,UK,Low,Low (1-2)
202,2,1694.4,242.05714285714288,68.37571428571428,2011-04-26,2011-06-01,UK,Medium,Low (1-2)
203,5,2845.9100000000003,258.71909090909094,76.6809090909091,2011-04-18,2011-07-23,UK,High,High (5+)
204,1,981.8,981.8,196.36,2011-05-08,2011-05-08,Spain,Low,Low (1-2)
205,3,1113.55,123.72777777777777,38.21111111111111,2011-01-29,2011-03-03,UK,Medium,Medium (3-4)
206,3,650.66,108.44333333333333,44.17666666666667,2011-04-26,2011-06-18,UK,Low,Medium (3-4)
207,3,1164.04,129.33777777777777,59.91888888888889,2011-01-29,2011-07-16,UK,Medium,Medium (3-4)
208,4,2434.87,304.35875,67.405,2011-02-04,2011-06-12,UK,High,Medium (3-4)
209,3,2250.3199999999997,204.57454545454542,67.07,2011-02-15,2011-05-10,UK,High,Medium (3-4)
210,4,2406.6499999999996,218.7863636363636,87.36181818181818,2011-03-20,2011-06-24,UK,High,Medium (3-4)
211,2,1512.64,252.10666666666668,68.38166666666667,2011-07-31,2011-08-13,UK,Medium,Low (1-2)
212,3,2242.54,320.36285714285714,86.58285714285715,2011-03-09,2011-07-12,UK,High,Medium (3-4)
213,1,380.74,76.148,45.96,2011-05-03,2011-05-03,UK,Low,Low (1-2)
214,3,1737.63,193.07000000000002,61.92444444444445,2011-02-06,2011-06-26,UK,Medium,Medium (3-4)
216,6,5824.13,388.2753333333333,112.40933333333334,2011-04-16,2011-07-31,UK,High,High (5+)
217,3,1744.84,193.8711111111111,63.77111111111112,2011-02-25,2011-05-01,UK,Medium,Medium (3-4)
218,2,3193.05,354.78333333333336,111.5988888888889,2011-04-22,2011-06-18,Germany,High,Low (1-2)
219,3,1093.24,156.17714285714285,54.24285714285714,2011-03-11,2011-06-20,UK,Medium,Medium (3-4)
220,1,320.08,320.08,80.02,2011-03-09,2011-03-09,France,Low,Low (1-2)
221,2,575.77,143.9425,44.442499999999995,2011-03-27,2011-06-30,UK,Low,Low (1-2)
222,2,1871.63,311.93833333333333,75.185,2011-03-11,2011-03-20,UK,Medium,Low (1-2)
223,6,2248.0,172.92307692307693,65.24384615384616,2011-01-31,2011-07-01,UK,High,High (5+)
224,1,948.4100000000001,189.68200000000002,46.822,2011-04-07,2011-04-07,UK,Low,Low (1-2)
225,3,2313.67,289.20875,86.52375,2011-02-24,2011-04-19,UK,High,Medium (3-4)
226,2,2316.99,257.4433333333333,84.16777777777777,2011-03-23,2011-07-13,UK,High,Low (1-2)
227,1,61.2,61.2,30.6,2011-07-23,2011-07-23,Netherlands,Low,Low (1-2)
228,4,1455.97,291.194,75.564,2011-01-17,2011-03-17,UK,Medium,Medium (3-4)
229,1,550.96,275.48,68.87,2011-01-17,2011-01-17,Spain,Low,Low (1-2)
231,5,2683.13,243.9209090909091,74.05363636363636,2011-03-12,2011-06-21,Germany,High,High (5+)
232,3,1906.3000000000002,211.81111111111113,73.6711111111111,2011-02-09,2011-03-28,UK,High,Medium (3-4)
233,3,1365.98,227.66333333333333,79.38833333333334,2011-05-29,2011-07-24,UK,Medium,Medium (3-4)
234,3,1490.33,248.38833333333332,87.68333333333334,2011-04-19,2011-05-31,UK,Medium,Medium (3-4)
235,3,1916.2600000000002,212.91777777777781,102.07222222222222,2011-03-09,2011-07-24,UK,High,Medium (3-4)
236,1,265.02,132.51,28.105,2011-04-04,2011-04-04,Germany,Low,Low (1-2)
237,5,1977.38,179.7618181818182,62.70272727272727,2011-03-23,2011-06-19,UK,High,High (5+)
238,3,1061.3799999999999,151.62571428571428,65.16714285714285,2011-01-31,2011-04-13,UK,Medium,Medium (3-4)
240,1,698.47,174.6175,58.6725,2011-07-16,2011-07-16,UK,Low,Low (1-2)
241,2,899.71,149.95166666666668,48.711666666666666,2011-02-04,2011-05-22,Netherlands,Low,Low (1-2)
242,3,2354.1400000000003,261.5711111111111,80.84555555555556,2011-02-20,2011-04-24,Netherlands,High,Medium (3-4)
244,3,1442.11,180.26375,60.3225,2011-03-31,2011-07-12,UK,Medium,Medium (3-4)
245,3,1860.3899999999999,232.54874999999998,62.03,2011-02-15,2011-05-21,UK,Medium,Medium (3-4)
247,3,1659.97,165.997,68.604,2011-03-01,2011-04-18,UK,Medium,Medium (3-4)
248,1,551.39,137.8475,50.7025,2011-06-28,2011-06-28,Netherlands,Low,Low (1-2)
249,3,2267.54,188.96166666666667,65.77416666666666,2011-03-16,2011-06-24,Netherlands,High,Medium (3-4)
250,1,237.29,59.3225,49.115,2011-01-29,2011-01-29,France,Low,Low (1-2)
251,2,807.5500000000001,134.59166666666667,68.84833333333334,2011-05-21,2011-07-02,UK,Low,Low (1-2)
252,3,1078.92,134.865,54.965,2011-01-18,2011-06-15,UK,Medium,Medium (3-4)
253,3,1592.31,176.92333333333332,56.47888888888889,2011-04-20,2011-06-26,France,Medium,Medium (3-4)
254,2,975.79,139.39857142857142,41.64857142857143,2011-05-21,2011-07-26,UK,Low,Low (1-2)
255,1,682.0899999999999,170.52249999999998,55.925,2011-03-12,2011-03-12,UK,Low,Low (1-2)
256,3,1910.04,272.86285714285714,79.23142857142857,2011-05-12,2011-06-29,UK,High,Medium (3-4)
257,1,123.18,123.18,41.06,2011-02-13,2011-02-13,Spain,Low,Low (1-2)
258,3,1992.27,249.03375,84.34125,2011-05-19,2011-07-30,UK,High,Medium (3-4)
259,3,1775.76,295.96,75.33999999999999,2011-05-19,2011-06-09,UK,Medium,Medium (3-4)
260,5,2441.86,162.79066666666668,51.660666666666664,2011-03-07,2011-06-10,UK,High,High (5+)
261,2,1749.28,218.66,67.24375,2011-02-06,2011-02-07,UK,Medium,Low (1-2)
262,1,632.9300000000001,316.46500000000003,67.91499999999999,2011-03-30,2011-03-30,Netherlands,Low,Low (1-2)
263,3,1761.08,220.135,72.35375,2011-02-12,2011-05-26,UK,Medium,Medium (3-4)
264,2,1586.5400000000002,226.64857142857144,71.28285714285714,2011-02-22,2011-05-30,UK,Medium,Low (1-2)
265,3,2102.9700000000003,233.66333333333336,123.04222222222224,2011-05-03,2011-07-02,France,High,Medium (3-4)
266,3,1359.3700000000001,194.1957142857143,50.021428571428565,2011-01-27,2011-05-17,Germany,Medium,Medium (3-4)
267,1,648.18,129.636,72.014,2011-06-25,2011-06-25,UK,Low,Low (1-2)
268,3,1390.91,198.70142857142858,58.04142857142857,2011-02-06,2011-07-29,Germany,Medium,Medium (3-4)
269,3,533.6899999999999,133.42249999999999,79.4975,2011-03-17,2011-05-14,UK,Low,Medium (3-4)
270,3,1416.44,177.055,48.68875,2011-05-18,2011-06-20,UK,Medium,Medium (3-4)
271,4,2802.4,215.56923076923078,75.74384615384616,2011-01-20,2011-05-08,France,High,Medium (3-4)
272,2,1683.15,187.01666666666668,63.02333333333334,2011-03-22,2011-05-20,France,Medium,Low (1-2)
273,1,167.68,167.68,41.92,2011-02-13,2011-02-13,France,Low,Low (1-2)
274,1,357.16999999999996,119.05666666666666,119.05666666666666,2011-03-02,2011-03-02,Spain,Low,Low (1-2)
275,3,1943.3200000000002,194.33200000000002,60.391,2011-03-08,2011-08-02,UK,High,Medium (3-4)
276,3,2142.68,214.26799999999997,69.674,2011-03-01,2011-07-15,UK,High,Medium (3-4)
277,6,3857.95,226.93823529411765,86.57117647058824,2011-02-14,2011-06-11,Germany,High,High (5+)
278,2,1077.12,119.67999999999999,61.68222222222222,2011-07-04,2011-07-18,UK,Medium,Low (1-2)
279,1,95.21,95.21,95.21,2011-04-17,2011-04-17,Germany,Low,Low (1-2)
280,1,791.28,395.64,131.88,2011-05-13,2011-05-13,Germany,Low,Low (1-2)
281,1,852.64,284.2133333333333,109.94666666666666,2011-06-30,2011-06-30,Spain,Low,Low (1-2)
282,3,1715.6299999999999,190.62555555555554,67.0111111111111,2011-02-24,2011-06-22,UK,Medium,Medium (3-4)
283,3,1642.24,136.85333333333332,53.740833333333335,2011-02-16,2011-05-02,UK,Medium,Medium (3-4)
284,3,2350.05,335.7214285714286,106.98285714285714,2011-02-26,2011-08-02,UK,High,Medium (3-4)
285,4,1927.21,160.60083333333333,58.92083333333333,2011-02-26,2011-07-19,UK,High,Medium (3-4)
286,3,2371.67,338.81,112.57857142857144,2011-03-10,2011-06-15,UK,High,Medium (3-4)
287,3,1764.32,160.39272727272726,62.36545454545455,2011-06-25,2011-07-03,UK,Medium,Medium (3-4)
288,3,1816.55,181.655,54.54,2011-03-16,2011-04-18,UK,Medium,Medium (3-4)
289,1,1819.78,454.945,112.84,2011-04-06,2011-04-06,UK,Medium,Low (1-2)
290,2,1001.14,166.85666666666665,48.98666666666667,2011-02-01,2011-07-13,UK,Low,Low (1-2)
291,2,2954.5099999999998,422.0728571428571,118.52428571428571,2011-03-07,2011-08-19,UK,High,Low (1-2)
292,3,1191.9,198.65,109.15833333333335,2011-05-02,2011-07-16,UK,Medium,Medium (3-4)
293,1,877.08,292.36,88.36,2011-03-04,2011-03-04,France,Low,Low (1-2)
294,3,2405.3900000000003,218.67181818181822,73.00090909090909,2011-02-07,2011-07-06,UK,High,Medium (3-4)
295,3,1435.53,239.255,60.01833333333334,2011-01-22,2011-06-17,UK,Medium,Medium (3-4)
296,1,260.73,130.365,115.185,2011-05-30,2011-05-30,UK,Low,Low (1-2)
297,1,502.34000000000003,167.4466666666667,83.72333333333334,2011-05-03,2011-05-03,Germany,Low,Low (1-2)
298,3,1626.77,180.75222222222223,54.46333333333334,2011-02-17,2011-07-07,UK,Medium,Medium (3-4)
299,3,1288.8200000000002,184.11714285714288,62.18285714285714,2011-03-16,2011-06-27,UK,Medium,Medium (3-4)
300,3,1930.1399999999999,214.45999999999998,69.58222222222223,2011-03-30,2011-05-17,UK,High,Medium (3-4)
301,3,2538.44,362.63428571428574,112.48857142857142,2011-04-17,2011-06-24,UK,High,Medium (3-4)
302,3,1524.88,169.43111111111114,64.63,2011-03-13,2011-06-19,UK,Medium,Medium (3-4)
303,3,3049.99,304.99899999999997,96.189,2011-04-02,2011-07-04,UK,High,Medium (3-4)
304,2,2401.99,480.39799999999997,106.91799999999998,2011-05-01,2011-05-22,UK,High,Low (1-2)
305,1,630.2,157.55,42.8725,2011-03-26,2011-03-26,Germany,Low,Low (1-2)
306,2,896.9399999999999,149.48999999999998,79.89333333333333,2011-03-09,2011-03-22,Netherlands,Low,Low (1-2)
307,1,443.15,443.15,88.63,2011-07-03,2011-07-03,UK,Low,Low (1-2)
308,5,2271.27,174.71307692307693,58.91538461538461,2011-04-26,2011-07-25,UK,High,High (5+)
309,1,1039.31,207.862,49.966,2011-02-11,2011-02-11,Germany,Low,Low (1-2)
310,2,326.0,81.5,41.3475,2011-02-23,2011-07-05,UK,Low,Low (1-2)
311,4,1243.2800000000002,155.41000000000003,53.073750000000004,2011-01-22,2011-05-22,UK,Medium,Medium (3-4)
312,6,3225.4,179.1888888888889,64.76555555555555,2011-03-16,2011-08-08,UK,High,High (5+)
313,3,1802.23,225.27875,66.295,2011-01-10,2011-06-18,UK,Medium,Medium (3-4)
314,3,2500.07,208.33916666666667,84.60166666666667,2011-05-02,2011-07-22,Netherlands,High,Medium (3-4)
315,4,1006.1300000000001,125.76625000000001,43.2975,2011-01-28,2011-06-08,France,Low,Medium (3-4)
316,1,541.42,108.28399999999999,66.478,2011-04-06,2011-04-06,UK,Low,Low (1-2)
317,2,2243.21,249.24555555555557,104.11111111111111,2011-03-03,2011-05-11,UK,High,Low (1-2)
318,5,2121.75,163.21153846153845,66.85230769230769,2011-02-14,2011-05-29,UK,High,High (5+)
319,3,1366.1399999999999,151.79333333333332,53.52111111111111,2011-02-12,2011-03-24,UK,Medium,Medium (3-4)
320,3,2404.98,200.415,88.46666666666665,2011-03-15,2011-07-09,UK,High,Medium (3-4)
321,3,2189.86,182.48833333333334,70.12083333333334,2011-03-27,2011-06-26,UK,High,Medium (3-4)
323,1,196.4,98.2,73.315,2011-03-15,2011-03-15,UK,Low,Low (1-2)
324,3,1144.1599999999999,163.45142857142855,49.24571428571429,2011-03-20,2011-05-10,UK,Medium,Medium (3-4)
325,2,2124.9999999999995,303.5714285714285,78.02571428571427,2011-07-10,2011-08-06,Netherlands,High,Low (1-2)
326,1,1396.79,279.358,84.604,2011-07-26,2011-07-26,Germany,Medium,Low (1-2)
327,3,1757.05,146.42083333333332,50.035000000000004,2011-03-22,2011-05-21,UK,Medium,Medium (3-4)
328,2,530.84,132.71,55.155,2011-04-10,2011-04-23,UK,Low,Low (1-2)
329,3,1747.24,174.724,47.337,2011-04-29,2011-06-24,UK,Medium,Medium (3-4)
330,2,927.97,154.66166666666666,53.695,2011-02-06,2011-06-18,UK,Low,Low (1-2)
331,3,1795.08,224.385,91.87,2011-03-21,2011-06-08,UK,Medium,Medium (3-4)
332,4,2278.64,175.28,78.01615384615386,2011-03-23,2011-06-17,Germany,High,Medium (3-4)
333,3,4249.63,424.963,107.292,2011-02-08,2011-07-07,UK,High,Medium (3-4)
334,4,2072.02,188.36545454545455,71.80909090909091,2011-04-21,2011-06-13,UK,High,Medium (3-4)
335,5,2320.29,257.81,74.78444444444443,2011-03-16,2011-07-21,UK,High,High (5+)
336,3,647.48,129.496,47.153999999999996,2011-03-06,2011-07-01,UK,Low,Medium (3-4)
337,3,1358.45,150.9388888888889,61.69888888888889,2011-02-20,2011-06-03,France,Medium,Medium (3-4)
339,3,1854.1200000000001,142.6246153846154,45.24307692307692,2011-05-27,2011-07-31,UK,Medium,Medium (3-4)
340,2,1272.37,212.06166666666664,98.07166666666666,2011-03-03,2011-03-21,UK,Medium,Low (1-2)
341,3,2156.63,165.8946153846154,66.56153846153846,2011-01-29,2011-07-05,UK,High,Medium (3-4)
342,3,1167.53,145.94125,60.7875,2011-02-04,2011-07-07,UK,Medium,Medium (3-4)
343,3,1780.24,254.32,91.52857142857144,2011-03-01,2011-05-23,UK,Medium,Medium (3-4)
344,3,820.23,164.046,54.912,2011-02-23,2011-05-24,UK,Low,Medium (3-4)
345,4,2098.45,174.8708333333333,52.65416666666667,2011-03-17,2011-08-03,UK,High,Medium (3-4)
346,3,2038.87,254.85875,81.90125,2011-03-27,2011-06-07,UK,High,Medium (3-4)
347,3,1751.07,194.56333333333333,66.4588888888889,2011-03-18,2011-06-15,UK,Medium,Medium (3-4)
348,5,3188.89,212.59266666666664,71.45533333333333,2011-03-03,2011-07-16,UK,High,High (5+)
349,4,2982.23,298.223,109.501,2011-03-25,2011-06-19,UK,High,Medium (3-4)
350,3,3294.63,549.105,125.77,2011-04-04,2011-06-20,UK,High,Medium (3-4)
351,3,716.9,143.38,39.102,2011-02-17,2011-05-03,UK,Low,Medium (3-4)
352,1,254.61999999999998,127.30999999999999,78.39999999999999,2011-02-26,2011-02-26,France,Low,Low (1-2)
353,2,682.65,136.53,55.763999999999996,2011-05-06,2011-06-27,UK,Low,Low (1-2)
354,3,664.37,132.874,62.36600000000001,2011-02-19,2011-08-03,UK,Low,Medium (3-4)
355,2,194.26,97.13,55.714999999999996,2011-01-30,2011-03-08,UK,Low,Low (1-2)
356,2,327.62,163.81,58.05,2011-02-22,2011-04-14,UK,Low,Low (1-2)
357,3,2373.38,263.7088888888889,69.76444444444445,2011-04-08,2011-08-17,UK,High,Medium (3-4)
358,3,1629.47,162.947,48.082,2011-01-08,2011-07-03,UK,Medium,Medium (3-4)
359,1,168.36,168.36,56.12,2011-05-12,2011-05-12,Netherlands,Low,Low (1-2)
360,3,1717.24,245.32,54.46857142857142,2011-02-04,2011-04-23,UK,Medium,Medium (3-4)
361,3,1278.58,159.8225,79.175,2011-01-31,2011-05-09,UK,Medium,Medium (3-4)
362,3,3546.38,354.63800000000003,97.7,2011-06-06,2011-07-23,UK,High,Medium (3-4)
363,3,1232.17,176.02428571428572,62.51142857142857,2011-03-08,2011-06-28,UK,Medium,Medium (3-4)
364,3,1708.7,244.1,71.47285714285714,2011-02-11,2011-06-23,UK,Medium,Medium (3-4)
365,2,1192.1,132.45555555555555,43.57333333333333,2011-04-26,2011-06-30,Netherlands,Medium,Low (1-2)
366,3,3200.88,266.74,89.86083333333333,2011-05-19,2011-05-31,UK,High,Medium (3-4)
367,2,381.87,95.4675,95.4675,2011-04-21,2011-06-05,Netherlands,Low,Low (1-2)
369,3,2329.43,258.8255555555555,65.14111111111112,2011-03-14,2011-07-07,UK,High,Medium (3-4)
370,2,1659.51,184.39,52.39111111111111,2011-03-03,2011-05-27,UK,Medium,Low (1-2)
371,3,1504.43,188.05375,71.9825,2011-06-07,2011-06-25,UK,Medium,Medium (3-4)
372,4,1116.18,124.02000000000001,41.562222222222225,2011-01-29,2011-05-27,UK,Medium,Medium (3-4)
373,3,2019.83,288.54714285714283,69.03285714285714,2011-03-23,2011-07-04,UK,High,Medium (3-4)
374,3,1506.7,188.3375,76.53875,2011-03-27,2011-08-07,UK,Medium,Medium (3-4)
375,1,134.43,134.43,44.81,2011-06-28,2011-06-28,UK,Low,Low (1-2)
376,1,100.94,50.47,14.309999999999999,2011-04-03,2011-04-03,UK,Low,Low (1-2)
377,2,951.1499999999999,317.04999999999995,75.85666666666667,2011-05-13,2011-06-17,France,Low,Low (1-2)
378,3,1045.58,149.3685714285714,47.854285714285716,2011-01-17,2011-06-02,UK,Low,Medium (3-4)
379,3,1865.74,207.30444444444444,60.385555555555555,2011-01-10,2011-03-26,France,Medium,Medium (3-4)
380,4,2235.07,223.507,89.556,2011-02-22,2011-05-09,UK,High,Medium (3-4)
381,5,1268.09,140.89888888888888,65.9688888888889,2011-03-15,2011-07-05,UK,Medium,High (5+)
382,1,1698.51,424.6275,122.8875,2011-06-22,2011-06-22,UK,Medium,Low (1-2)
383,5,4420.74,221.03699999999998,67.6865,2011-02-22,2011-06-02,UK,High,High (5+)
384,3,1393.1100000000001,232.18500000000003,72.22166666666666,2011-01-27,2011-03-17,France,Medium,Medium (3-4)
385,3,1980.73,282.9614285714286,88.00285714285714,2011-03-09,2011-05-12,Germany,High,Medium (3-4)
386,1,855.09,285.03000000000003,62.400000000000006,2011-06-25,2011-06-25,France,Low,Low (1-2)
387,3,2676.8700000000003,267.687,84.95700000000001,2011-03-26,2011-05-17,UK,High,Medium (3-4)
388,3,3907.0699999999997,325.58916666666664,86.51333333333332,2011-02-13,2011-06-06,UK,High,Medium (3-4)
389,1,404.2,134.73333333333332,70.49333333333334,2011-04-27,2011-04-27,Germany,Low,Low (1-2)
390,1,133.82,66.91,33.455,2011-07-23,2011-07-23,France,Low,Low (1-2)
391,1,138.5,138.5,69.25,2011-02-13,2011-02-13,Netherlands,Low,Low (1-2)
392,3,2033.8600000000001,254.23250000000002,85.51875,2011-05-06,2011-07-17,UK,High,Medium (3-4)
393,3,2693.89,336.73625,88.2825,2011-04-04,2011-06-28,UK,High,Medium (3-4)
394,4,2527.5,229.77272727272728,61.52363636363636,2011-03-22,2011-08-21,Germany,High,Medium (3-4)
395,3,1849.5,231.1875,75.55375000000001,2011-03-23,2011-07-10,UK,Medium,Medium (3-4)
397,1,104.97,52.485,30.979999999999997,2011-01-16,2011-01-16,France,Low,Low (1-2)
398,5,3457.0699999999997,164.62238095238095,54.06952380952381,2011-01-23,2011-03-05,UK,High,High (5+)
399,1,17.17,17.17,17.17,2011-02-01,2011-02-01,Germany,Low,Low (1-2)
400,4,2344.56,213.14181818181817,70.72818181818182,2011-02-11,2011-05-04,Germany,High,Medium (3-4)
401,3,1589.98,198.7475,57.2575,2011-02-05,2011-05-06,UK,Medium,Medium (3-4)
402,1,370.87,74.174,40.162,2011-03-22,2011-03-22,Spain,Low,Low (1-2)
403,4,2625.83,187.55928571428572,79.08785714285715,2011-04-04,2011-07-27,UK,High,Medium (3-4)
404,1,1325.17,662.585,145.32999999999998,2011-03-24,2011-03-24,France,Medium,Low (1-2)
405,4,2428.64,151.79,86.863125,2011-03-24,2011-08-04,UK,High,Medium (3-4)
406,1,628.28,209.42666666666665,63.85333333333333,2011-05-26,2011-05-26,Spain,Low,Low (1-2)
407,2,926.75,185.35,76.178,2011-05-01,2011-06-24,UK,Low,Low (1-2)
408,2,643.99,107.33166666666666,59.52,2011-03-24,2011-05-19,UK,Low,Low (1-2)
409,1,569.5,284.75,64.25999999999999,2011-05-13,2011-05-13,Spain,Low,Low (1-2)
410,3,3099.74,344.41555555555556,88.38444444444445,2011-05-02,2011-08-12,UK,High,Medium (3-4)
411,1,596.17,298.085,72.095,2011-03-20,2011-03-20,UK,Low,Low (1-2)
412,4,2410.65,267.85,67.54666666666667,2011-04-19,2011-08-04,Netherlands,High,Medium (3-4)
414,3,2297.74,287.2175,103.13875,2011-03-04,2011-08-07,UK,High,Medium (3-4)
415,2,713.14,178.285,89.69749999999999,2011-05-17,2011-07-08,UK,Low,Low (1-2)
416,3,1758.84,175.884,49.757999999999996,2011-01-15,2011-06-02,UK,Medium,Medium (3-4)
418,3,1288.32,161.04,51.575,2011-01-22,2011-05-01,UK,Medium,Medium (3-4)
419,3,3005.98,333.9977777777778,98.45888888888891,2011-03-15,2011-07-04,UK,High,Medium (3-4)
420,1,140.32,140.32,35.08,2011-04-24,2011-04-24,Germany,Low,Low (1-2)
421,1,760.05,380.025,94.57499999999999,2011-06-15,2011-06-15,Germany,Low,Low (1-2)
422,3,1335.07,148.3411111111111,47.17111111111111,2011-02-21,2011-05-12,Germany,Medium,Medium (3-4)
423,3,1900.19,190.019,62.938,2011-04-04,2011-06-02,UK,High,Medium (3-4)
424,3,1571.12,196.39,62.47,2011-01-12,2011-06-13,UK,Medium,Medium (3-4)
425,3,1626.66,203.3325,65.2775,2011-03-16,2011-07-04,UK,Medium,Medium (3-4)
426,4,3083.22,342.58,98.18555555555555,2011-02-03,2011-06-18,UK,High,Medium (3-4)
427,2,216.37,108.185,30.82,2011-01-16,2011-05-19,UK,Low,Low (1-2)
428,1,341.75,341.75,68.35,2011-04-13,2011-04-13,Spain,Low,Low (1-2)
429,4,2525.69,194.28384615384616,82.67461538461538,2011-03-01,2011-06-22,UK,High,Medium (3-4)
430,1,353.27,176.635,64.26,2011-02-18,2011-02-18,UK,Low,Low (1-2)
431,4,2078.52,159.88615384615383,59.533846153846156,2011-02-28,2011-06-22,UK,High,Medium (3-4)
432,3,1719.61,171.96099999999998,61.074,2011-03-08,2011-04-06,Germany,Medium,Medium (3-4)
433,3,1616.6399999999999,179.62666666666667,61.833333333333336,2011-04-26,2011-07-22,UK,Medium,Medium (3-4)
434,1,219.71,109.855,40.17,2011-03-04,2011-03-04,UK,Low,Low (1-2)
435,3,2746.46,343.3075,85.95625,2011-01-25,2011-04-22,UK,High,Medium (3-4)
436,1,855.97,285.3233333333333,77.93666666666667,2011-06-04,2011-06-04,Germany,Low,Low (1-2)
437,4,677.42,112.90333333333332,47.51666666666667,2011-02-16,2011-07-15,UK,Low,Medium (3-4)
438,4,2201.7200000000003,275.21500000000003,97.62375,2011-03-20,2011-06-02,France,High,Medium (3-4)
439,1,72.21000000000001,72.21000000000001,24.07,2011-04-24,2011-04-24,Germany,Low,Low (1-2)
440,2,1302.85,217.14166666666665,62.165,2011-01-26,2011-04-22,UK,Medium,Low (1-2)
441,2,206.64,103.32,34.44,2011-02-06,2011-06-21,UK,Low,Low (1-2)
442,1,377.65,94.4125,38.5025,2011-07-03,2011-07-03,Netherlands,Low,Low (1-2)
443,2,2143.92,535.98,134.8675,2011-05-04,2011-05-11,UK,High,Low (1-2)
444,3,811.1700000000001,202.79250000000002,70.795,2011-02-21,2011-06-24,UK,Low,Medium (3-4)
445,3,780.1500000000001,130.025,42.695,2011-06-08,2011-08-18,France,Low,Medium (3-4)
446,1,58.17,58.17,19.39,2011-04-30,2011-04-30,Netherlands,Low,Low (1-2)
447,1,115.5,115.5,23.1,2011-02-25,2011-02-25,Netherlands,Low,Low (1-2)
448,3,1485.6200000000001,212.23142857142858,61.51857142857143,2011-01-18,2011-05-30,Germany,Medium,Medium (3-4)
449,2,1607.8600000000001,321.572,75.31,2011-03-15,2011-05-09,UK,Medium,Low (1-2)
450,3,1559.7100000000003,222.81571428571434,67.47285714285714,2011-03-20,2011-08-15,UK,Medium,Medium (3-4)
451,5,3450.71,191.7061111111111,71.68722222222223,2011-02-18,2011-07-11,Germany,High,High (5+)
452,4,3616.52,258.3228571428571,79.0442857142857,2011-02-08,2011-05-25,UK,High,Medium (3-4)
453,2,1699.1,212.3875,74.345,2011-03-04,2011-07-10,UK,Medium,Low (1-2)
454,1,1496.87,299.37399999999997,82.94,2011-04-17,2011-04-17,Spain,Medium,Low (1-2)
455,3,1525.34,169.48222222222222,45.86333333333333,2011-01-18,2011-02-26,UK,Medium,Medium (3-4)
456,3,2031.7,225.74444444444444,63.669999999999995,2011-05-28,2011-07-06,UK,High,Medium (3-4)
457,4,1248.06,104.005,53.895833333333336,2011-01-30,2011-04-18,UK,Medium,Medium (3-4)
458,3,899.58,112.4475,50.7125,2011-03-13,2011-05-30,UK,Low,Medium (3-4)
459,3,1490.42,186.3025,55.243750000000006,2011-03-02,2011-06-24,UK,Medium,Medium (3-4)
460,3,2276.54,227.654,64.772,2011-05-27,2011-06-19,UK,High,Medium (3-4)
461,2,780.47,195.1175,67.6625,2011-03-12,2011-07-31,UK,Low,Low (1-2)
462,3,1115.16,159.30857142857144,66.53714285714285,2011-02-08,2011-07-19,UK,Medium,Medium (3-4)
463,1,19.42,19.42,19.42,2011-02-22,2011-02-22,Germany,Low,Low (1-2)
464,3,1922.48,274.64,76.19142857142857,2011-04-20,2011-08-15,UK,High,Medium (3-4)
465,3,1876.1000000000001,234.51250000000002,71.89875,2011-02-06,2011-06-25,Netherlands,Medium,Medium (3-4)
466,3,1813.68,181.368,67.435,2011-01-18,2011-02-19,UK,Medium,Medium (3-4)
467,3,2364.71,214.97363636363636,78.74636363636364,2011-03-20,2011-08-06,UK,High,Medium (3-4)
468,3,1455.78,207.96857142857144,68.17857142857143,2011-02-16,2011-04-24,France,Medium,Medium (3-4)
469,3,396.24,99.06,69.55,2011-04-21,2011-06-27,UK,Low,Medium (3-4)
470,2,1860.69,265.8128571428571,77.58714285714287,2011-03-23,2011-05-07,Netherlands,Medium,Low (1-2)
471,2,1293.57,143.73,50.903333333333336,2011-01-27,2011-06-10,UK,Medium,Low (1-2)
472,4,2162.7400000000002,270.34250000000003,99.89125,2011-02-23,2011-06-28,Netherlands,High,Medium (3-4)
473,3,1642.51,182.5011111111111,61.56222222222222,2011-02-25,2011-07-04,UK,Medium,Medium (3-4)
474,1,1720.56,573.52,139.41666666666666,2011-07-21,2011-07-21,Spain,Medium,Low (1-2)
475,2,1202.82,150.3525,53.33,2011-04-09,2011-04-26,UK,Medium,Low (1-2)
476,3,898.45,299.48333333333335,70.98666666666666,2011-02-05,2011-07-04,Netherlands,Low,Medium (3-4)
477,2,1707.3999999999999,213.42499999999998,71.76875,2011-03-13,2011-04-02,UK,Medium,Low (1-2)
478,4,2270.37,227.03699999999998,79.33099999999999,2011-05-17,2011-07-04,UK,High,Medium (3-4)
479,1,604.08,302.04,100.67999999999999,2011-08-26,2011-08-26,Netherlands,Low,Low (1-2)
480,1,106.44,106.44,53.22,2011-07-09,2011-07-09,UK,Low,Low (1-2)
481,5,4557.97,325.56928571428574,87.62428571428572,2011-03-03,2011-08-18,UK,High,High (5+)
482,1,150.66,150.66,50.22,2011-02-03,2011-02-03,UK,Low,Low (1-2)
483,3,353.84000000000003,88.46000000000001,45.31,2011-03-13,2011-06-29,UK,Low,Medium (3-4)
484,3,1578.0600000000002,263.01000000000005,96.86666666666667,2011-04-05,2011-06-08,UK,Medium,Medium (3-4)
485,3,3143.91,241.83923076923077,72.95692307692308,2011-02-24,2011-03-22,UK,High,Medium (3-4)
486,1,1177.0,294.25,93.71000000000001,2011-07-11,2011-07-11,Spain,Medium,Low (1-2)
487,3,1636.41,272.735,69.56333333333333,2011-03-05,2011-03-31,UK,Medium,Medium (3-4)
488,3,1243.45,138.16111111111113,46.99,2011-04-09,2011-06-26,UK,Medium,Medium (3-4)
489,3,1106.09,184.34833333333333,59.218333333333334,2011-03-11,2011-07-13,Netherlands,Medium,Medium (3-4)
490,1,664.9300000000001,221.64333333333335,67.95,2011-07-04,2011-07-04,Spain,Low,Low (1-2)
491,3,1906.3100000000002,272.33000000000004,88.98571428571428,2011-05-06,2011-07-21,UK,High,Medium (3-4)
492,1,272.24,272.24,68.06,2011-07-10,2011-07-10,UK,Low,Low (1-2)
493,3,911.51,151.91833333333332,75.39833333333333,2011-02-07,2011-06-27,UK,Low,Medium (3-4)
494,2,972.9700000000001,162.1616666666667,55.53,2011-04-18,2011-04-26,UK,Low,Low (1-2)
495,4,2774.12,231.17666666666665,76.32583333333334,2011-04-01,2011-06-30,UK,High,Medium (3-4)
496,2,350.04999999999995,87.51249999999999,46.0125,2011-04-22,2011-08-01,UK,Low,Low (1-2)
497,3,1305.8400000000001,163.23000000000002,57.70875,2011-03-03,2011-05-31,UK,Medium,Medium (3-4)
498,3,3315.3300000000004,331.533,94.54400000000001,2011-03-03,2011-04-06,UK,High,Medium (3-4)
499,2,1404.09,200.5842857142857,66.08571428571427,2011-05-04,2011-06-10,Netherlands,Medium,Low (1-2)
500,4,2275.85,189.65416666666667,71.98166666666667,2011-03-28,2011-06-22,Netherlands,High,Medium (3-4)
501,3,1567.32,174.14666666666665,50.614444444444445,2011-04-10,2011-06-13,UK,Medium,Medium (3-4)
502,3,2591.0,323.875,86.54,2011-02-14,2011-06-15,UK,High,Medium (3-4)
503,2,587.91,97.985,59.79500000000001,2011-05-20,2011-06-11,UK,Low,Low (1-2)
504,2,1848.8,231.1,64.855,2011-06-22,2011-07-20,France,Medium,Low (1-2)
505,3,1791.77,255.96714285714285,119.85857142857142,2011-07-03,2011-07-26,UK,Medium,Medium (3-4)
506,1,569.24,189.74666666666667,65.82,2011-06-08,2011-06-08,UK,Low,Low (1-2)
507,1,653.4300000000001,326.71500000000003,81.505,2011-03-03,2011-03-03,Spain,Low,Low (1-2)
508,1,111.76,111.76,55.88,2011-03-22,2011-03-22,France,Low,Low (1-2)
509,2,1649.92,164.99200000000002,76.619,2011-06-04,2011-07-28,Netherlands,Medium,Low (1-2)
510,3,1564.56,391.14,96.945,2011-03-17,2011-07-31,Germany,Medium,Medium (3-4)
511,5,1889.05,125.93666666666667,47.794666666666664,2011-02-16,2011-04-08,UK,High,High (5+)
512,3,2177.5299999999997,217.753,61.169,2011-02-07,2011-06-02,UK,High,Medium (3-4)
513,1,522.49,261.245,54.645,2011-07-25,2011-07-25,Spain,Low,Low (1-2)
514,3,2956.3,328.4777777777778,86.06222222222222,2011-05-25,2011-08-12,France,High,Medium (3-4)
515,2,2202.67,314.6671428571429,89.76428571428572,2011-03-23,2011-05-12,UK,High,Low (1-2)
516,3,1234.71,137.19,48.41,2011-02-01,2011-06-26,UK,Medium,Medium (3-4)
517,2,1214.28,242.856,74.18199999999999,2011-04-12,2011-07-30,UK,Medium,Low (1-2)
518,1,310.35,310.35,62.07,2011-04-14,2011-04-14,France,Low,Low (1-2)
519,1,299.35,299.35,59.87,2011-06-14,2011-06-14,Netherlands,Low,Low (1-2)
520,3,3788.4,473.55,140.98875,2011-04-11,2011-05-04,UK,High,Medium (3-4)
521,3,2353.7999999999997,294.22499999999997,87.76125,2011-06-10,2011-08-01,UK,High,Medium (3-4)
522,3,1822.55,182.255,53.178,2011-02-17,2011-05-14,UK,Medium,Medium (3-4)
523,2,2280.0699999999997,325.72428571428566,85.75428571428571,2011-05-15,2011-07-11,Netherlands,High,Low (1-2)
524,1,63.64,63.64,15.91,2011-02-08,2011-02-08,France,Low,Low (1-2)
525,4,2945.63,245.46916666666667,82.71333333333332,2011-02-27,2011-06-09,France,High,Medium (3-4)
526,2,607.29,151.8225,68.9175,2011-01-20,2011-03-24,UK,Low,Low (1-2)
527,4,1995.5700000000002,181.41545454545457,61.66,2011-03-10,2011-05-16,UK,High,Medium (3-4)
528,5,4000.01,285.71500000000003,82.22642857142857,2011-03-10,2011-07-28,UK,High,High (5+)
529,3,1051.18,150.16857142857143,45.26142857142857,2011-01-20,2011-07-06,UK,Medium,Medium (3-4)
530,4,2484.91,207.07583333333332,67.9425,2011-01-31,2011-06-10,France,High,Medium (3-4)
531,2,663.09,331.545,81.88499999999999,2011-03-02,2011-06-16,France,Low,Low (1-2)
532,2,1817.22,181.722,62.282000000000004,2011-04-25,2011-06-01,Netherlands,Medium,Low (1-2)
533,1,1111.3500000000001,370.45000000000005,140.17999999999998,2011-03-08,2011-03-08,Netherlands,Medium,Low (1-2)
534,3,3279.47,298.13363636363636,112.07272727272726,2011-06-04,2011-07-15,UK,High,Medium (3-4)
535,2,752.89,150.578,66.036,2011-05-21,2011-06-18,Germany,Low,Low (1-2)
536,3,1372.93,228.8216666666667,66.58333333333333,2011-02-07,2011-06-09,Netherlands,Medium,Medium (3-4)
537,2,397.45000000000005,132.48333333333335,71.88666666666667,2011-03-15,2011-08-01,France,Low,Low (1-2)
538,4,2088.75,298.39285714285717,110.74571428571429,2011-03-14,2011-07-27,UK,High,Medium (3-4)
539,3,2288.12,190.67666666666665,64.04,2011-05-02,2011-06-12,UK,High,Medium (3-4)
540,4,3124.98,284.0890909090909,89.41909090909091,2011-02-03,2011-06-30,UK,High,Medium (3-4)
541,3,2610.95,290.10555555555555,90.57111111111112,2011-03-02,2011-07-15,Netherlands,High,Medium (3-4)
542,3,1196.81,170.97285714285712,57.99142857142857,2011-03-01,2011-04-03,UK,Medium,Medium (3-4)
543,3,1538.0700000000002,192.25875000000002,65.59375,2011-02-08,2011-03-23,UK,Medium,Medium (3-4)
544,3,1428.81,238.135,93.80166666666666,2011-03-09,2011-08-20,UK,Medium,Medium (3-4)
545,3,1337.3600000000001,267.47200000000004,67.03999999999999,2011-03-16,2011-06-12,UK,Medium,Medium (3-4)
546,3,2632.34,329.0425,90.1125,2011-03-05,2011-07-04,UK,High,Medium (3-4)
547,1,199.74,199.74,99.87,2011-02-17,2011-02-17,UK,Low,Low (1-2)
548,3,2384.57,298.07125,86.75125,2011-01-10,2011-04-20,UK,High,Medium (3-4)
549,4,2055.4700000000003,256.93375000000003,81.90875,2011-03-04,2011-07-31,UK,High,Medium (3-4)
550,3,1622.3899999999999,180.26555555555555,76.56888888888889,2011-02-21,2011-05-14,Germany,Medium,Medium (3-4)
551,3,679.4,135.88,68.256,2011-03-18,2011-08-18,UK,Low,Medium (3-4)
552,2,107.75,53.875,45.34,2011-02-09,2011-03-11,France,Low,Low (1-2)
553,2,1026.02,171.00333333333333,67.17166666666667,2011-01-05,2011-01-06,UK,Low,Low (1-2)
554,3,814.5,135.75,42.556666666666665,2011-03-24,2011-04-12,UK,Low,Medium (3-4)
555,3,2137.7,213.76999999999998,70.625,2011-02-19,2011-03-28,France,High,Medium (3-4)
556,3,766.2,76.62,43.024,2011-03-05,2011-06-28,UK,Low,Medium (3-4)
557,3,3717.71,371.771,135.971,2011-01-21,2011-07-04,UK,High,Medium (3-4)
558,3,2941.19,294.119,92.99600000000001,2011-02-21,2011-06-04,UK,High,Medium (3-4)
559,1,175.7,175.7,87.85,2011-02-21,2011-02-21,Germany,Low,Low (1-2)
560,3,2167.66,309.6657142857143,82.85857142857142,2011-03-15,2011-07-10,UK,High,Medium (3-4)
561,5,3604.86,225.30375,76.00125,2011-03-24,2011-08-15,Germany,High,High (5+)
562,3,1913.75,318.9583333333333,89.85833333333335,2011-02-03,2011-06-15,UK,High,Medium (3-4)
563,3,2717.21,247.01909090909092,65.85818181818182,2011-03-22,2011-05-31,UK,High,Medium (3-4)
564,4,1589.23,158.923,58.53099999999999,2011-04-03,2011-07-20,UK,Medium,Medium (3-4)
565,2,2228.2999999999997,247.58888888888885,81.27888888888889,2011-03-10,2011-06-23,UK,High,Low (1-2)
566,3,1425.7099999999998,203.6728571428571,86.19428571428571,2011-03-25,2011-06-24,UK,Medium,Medium (3-4)
567,3,2144.41,238.26777777777775,63.57,2011-03-19,2011-05-28,UK,High,Medium (3-4)
568,3,747.51,124.585,48.82333333333333,2011-02-25,2011-06-16,UK,Low,Medium (3-4)
569,1,216.92,108.46,54.23,2011-02-19,2011-02-19,Spain,Low,Low (1-2)
570,2,761.1700000000001,152.234,62.138,2011-08-16,2011-08-27,UK,Low,Low (1-2)
571,2,925.12,231.28,98.37,2011-06-16,2011-07-30,UK,Low,Low (1-2)
572,4,3039.91,253.32583333333332,72.72,2011-02-18,2011-07-11,Germany,High,Medium (3-4)
573,3,1842.82,230.3525,61.058749999999996,2011-05-15,2011-07-04,UK,Medium,Medium (3-4)
574,1,1486.12,371.53,78.0,2011-02-23,2011-02-23,UK,Medium,Low (1-2)
575,1,583.22,291.61,97.345,2011-06-20,2011-06-20,France,Low,Low (1-2)
576,3,1416.28,141.628,56.553999999999995,2011-01-27,2011-05-14,Netherlands,Medium,Medium (3-4)
577,3,2844.8900000000003,284.48900000000003,94.536,2011-03-13,2011-08-10,UK,High,Medium (3-4)
578,1,1039.65,346.55,94.45666666666666,2011-07-19,2011-07-19,Spain,Low,Low (1-2)
579,3,1011.27,168.545,77.15833333333335,2011-04-21,2011-05-27,UK,Low,Medium (3-4)
580,2,747.98,186.995,50.65,2011-04-18,2011-06-16,UK,Low,Low (1-2)
581,3,1054.53,175.755,62.03333333333333,2011-03-20,2011-05-28,UK,Medium,Medium (3-4)
582,3,3359.27,335.927,87.35900000000001,2011-04-25,2011-07-13,Netherlands,High,Medium (3-4)
583,5,2373.12,148.32,56.0275,2011-01-18,2011-06-29,UK,High,High (5+)
584,4,1921.04,147.7723076923077,58.607692307692304,2011-02-03,2011-06-09,UK,High,Medium (3-4)
585,3,2656.2999999999997,221.35833333333332,84.235,2011-03-21,2011-07-05,UK,High,Medium (3-4)
586,3,1270.06,211.67666666666665,64.89999999999999,2011-03-04,2011-06-12,UK,Medium,Medium (3-4)
587,3,942.74,134.67714285714285,61.01571428571429,2011-05-10,2011-06-28,UK,Low,Medium (3-4)
588,3,1705.78,243.68285714285713,79.26714285714286,2011-04-28,2011-08-22,UK,Medium,Medium (3-4)
589,1,613.25,306.625,110.415,2011-07-10,2011-07-10,UK,Low,Low (1-2)
590,3,1748.93,218.61625,60.0525,2011-04-05,2011-07-30,UK,Medium,Medium (3-4)
591,3,1383.87,197.69571428571427,49.21857142857142,2011-03-28,2011-05-24,UK,Medium,Medium (3-4)
592,4,2285.08,190.42333333333332,56.52,2011-03-14,2011-07-10,UK,High,Medium (3-4)
593,1,709.36,236.45333333333335,56.843333333333334,2011-02-01,2011-02-01,UK,Low,Low (1-2)
594,2,1312.76,328.19,98.985,2011-02-02,2011-06-10,UK,Medium,Low (1-2)
595,1,1307.32,653.66,198.36,2011-07-28,2011-07-28,Spain,Medium,Low (1-2)
596,2,1353.48,193.3542857142857,77.97857142857143,2011-04-12,2011-05-23,UK,Medium,Low (1-2)
597,3,1762.15,220.26875,60.11125,2011-02-16,2011-08-03,UK,Medium,Medium (3-4)
598,5,2695.11,269.511,81.414,2011-04-15,2011-06-17,UK,High,High (5+)
599,3,863.2,215.8,76.8675,2011-03-02,2011-07-16,UK,Low,Medium (3-4)
600,2,1406.62,281.32399999999996,81.458,2011-03-12,2011-08-17,UK,Medium,Low (1-2)
601,3,1252.03,178.86142857142858,52.91857142857143,2011-02-06,2011-05-18,UK,Medium,Medium (3-4)
602,3,1539.75,139.97727272727272,56.121818181818185,2011-03-10,2011-08-24,UK,Medium,Medium (3-4)
603,2,1729.29,288.215,89.15166666666666,2011-05-26,2011-08-02,UK,Medium,Low (1-2)
604,4,5034.71,335.64733333333334,99.98133333333334,2011-03-08,2011-05-21,UK,High,Medium (3-4)
605,3,1140.98,190.16333333333333,62.70166666666666,2011-03-29,2011-07-24,UK,Medium,Medium (3-4)
606,3,2191.57,313.0814285714286,89.99,2011-04-03,2011-08-12,UK,High,Medium (3-4)
607,3,1506.95,251.15833333333333,68.88666666666667,2011-01-18,2011-07-02,UK,Medium,Medium (3-4)
608,3,2319.64,231.964,84.183,2011-05-18,2011-07-06,UK,High,Medium (3-4)
609,2,1738.8300000000002,248.40428571428575,65.92714285714285,2011-03-12,2011-05-13,UK,Medium,Low (1-2)
610,3,1714.3500000000001,190.48333333333335,65.26666666666667,2011-03-16,2011-07-05,UK,Medium,Medium (3-4)
611,3,2390.04,217.27636363636364,68.41818181818182,2011-04-19,2011-07-03,UK,High,Medium (3-4)
612,1,1101.76,220.352,47.492000000000004,2011-01-24,2011-01-24,Germany,Medium,Low (1-2)
613,2,836.47,139.41166666666666,67.91166666666668,2011-05-24,2011-07-07,UK,Low,Low (1-2)
614,3,1785.22,223.1525,76.0475,2011-03-11,2011-06-17,UK,Medium,Medium (3-4)
615,1,733.28,183.32,65.58,2011-05-31,2011-05-31,France,Low,Low (1-2)
616,1,823.73,411.865,121.41,2011-03-27,2011-03-27,Spain,Low,Low (1-2)
617,3,1271.51,181.6442857142857,56.925714285714285,2011-01-28,2011-06-30,UK,Medium,Medium (3-4)
618,4,2831.88,217.83692307692309,60.87461538461538,2011-01-03,2011-06-11,UK,High,Medium (3-4)
619,1,594.91,148.7275,46.26,2011-02-19,2011-02-19,France,Low,Low (1-2)
620,2,1707.82,243.9742857142857,79.17428571428572,2011-03-08,2011-06-26,Germany,Medium,Low (1-2)
621,3,2097.96,209.796,69.599,2011-05-01,2011-08-04,UK,High,Medium (3-4)
622,3,2364.4700000000003,181.8823076923077,57.559230769230766,2011-01-26,2011-05-05,UK,High,Medium (3-4)
623,3,1036.45,172.74166666666667,60.70166666666666,2011-03-05,2011-04-18,UK,Low,Medium (3-4)
624,3,2273.32,252.59111111111113,71.17444444444445,2011-03-08,2011-08-05,UK,High,Medium (3-4)
625,3,1713.26,171.326,68.792,2011-02-20,2011-05-07,UK,Medium,Medium (3-4)
626,4,2290.09,286.26125,75.90875,2011-02-25,2011-08-18,UK,High,Medium (3-4)
627,3,1563.61,156.361,56.222,2011-03-19,2011-07-10,UK,Medium,Medium (3-4)
628,5,3352.16,209.51,76.27,2011-03-14,2011-07-21,Germany,High,High (5+)
629,3,1833.25,141.01923076923077,62.53615384615385,2011-02-21,2011-08-15,UK,Medium,Medium (3-4)
630,3,964.45,120.55625,60.48125,2011-03-18,2011-08-19,UK,Low,Medium (3-4)
631,4,2996.23,249.68583333333333,70.56666666666666,2011-03-16,2011-04-29,Germany,High,Medium (3-4)
632,1,759.74,379.87,77.88,2011-03-28,2011-03-28,Spain,Low,Low (1-2)
633,4,2060.71,206.071,47.302,2011-03-09,2011-04-07,UK,High,Medium (3-4)
634,2,812.02,162.404,48.152,2011-04-13,2011-05-13,UK,Low,Low (1-2)
635,3,1553.4,258.90000000000003,111.51166666666666,2011-06-04,2011-08-06,UK,Medium,Medium (3-4)
636,1,909.67,181.934,52.94599999999999,2011-01-12,2011-01-12,UK,Low,Low (1-2)
637,3,1090.62,218.12399999999997,54.196000000000005,2011-01-28,2011-04-24,UK,Medium,Medium (3-4)
638,3,1408.8899999999999,234.81499999999997,70.95166666666667,2011-04-23,2011-07-22,UK,Medium,Medium (3-4)
639,3,1214.87,202.47833333333332,63.403333333333336,2011-01-13,2011-01-22,UK,Medium,Medium (3-4)
640,3,2246.4,172.8,86.82615384615384,2011-03-15,2011-06-29,UK,High,Medium (3-4)
641,1,43.36,43.36,21.68,2011-07-29,2011-07-29,UK,Low,Low (1-2)
642,2,2237.49,372.91499999999996,128.67166666666665,2011-05-05,2011-07-03,UK,High,Low (1-2)
643,3,1504.8,167.2,55.67666666666666,2011-02-27,2011-07-02,UK,Medium,Medium (3-4)
644,4,878.69,219.6725,97.9,2011-03-23,2011-08-09,UK,Low,Medium (3-4)
645,4,3162.48,395.31,100.02499999999999,2011-04-09,2011-08-20,UK,High,Medium (3-4)
647,1,643.4000000000001,321.70000000000005,79.00999999999999,2011-03-02,2011-03-02,UK,Low,Low (1-2)
648,3,2721.87,247.44272727272727,73.28909090909092,2011-01-26,2011-07-07,UK,High,Medium (3-4)
649,1,991.74,330.58,73.45333333333333,2011-02-26,2011-02-26,Germany,Low,Low (1-2)
650,3,1644.0,234.85714285714286,63.38857142857143,2011-06-07,2011-06-14,UK,Medium,Medium (3-4)
651,2,1141.67,163.0957142857143,55.308571428571426,2011-03-12,2011-08-02,UK,Medium,Low (1-2)
652,3,509.3,84.88333333333334,47.879999999999995,2011-02-27,2011-04-27,UK,Low,Medium (3-4)
653,3,1756.3400000000001,195.1488888888889,74.91444444444444,2011-03-04,2011-06-02,UK,Medium,Medium (3-4)
654,1,430.21999999999997,215.10999999999999,117.25999999999999,2011-06-02,2011-06-02,Germany,Low,Low (1-2)
655,2,1070.27,133.78375,55.1025,2011-03-12,2011-08-05,UK,Medium,Low (1-2)
656,3,2058.26,228.6955555555556,75.33666666666666,2011-03-10,2011-05-01,UK,High,Medium (3-4)
657,3,2105.26,263.1575,90.3425,2011-02-02,2011-04-09,UK,High,Medium (3-4)
658,3,1684.97,153.17909090909092,47.82454545454546,2011-03-26,2011-05-28,UK,Medium,Medium (3-4)
659,3,1629.9,181.10000000000002,60.43777777777778,2011-01-20,2011-04-23,UK,Medium,Medium (3-4)
660,3,1356.6200000000001,169.57750000000001,67.41375,2011-04-26,2011-05-11,UK,Medium,Medium (3-4)
661,4,2275.6,227.56,73.429,2011-02-09,2011-06-28,UK,High,Medium (3-4)
663,2,2178.74,272.3425,92.3025,2011-04-02,2011-04-03,UK,High,Low (1-2)
664,3,2489.7000000000003,207.47500000000002,53.465833333333336,2011-02-19,2011-05-07,UK,High,Medium (3-4)
665,3,1608.46,201.0575,73.21000000000001,2011-03-25,2011-05-28,UK,Medium,Medium (3-4)
666,3,2544.96,282.7733333333333,78.18444444444444,2011-03-07,2011-07-04,UK,High,Medium (3-4)
667,3,1486.3799999999999,185.79749999999999,78.09875,2011-02-14,2011-07-18,UK,Medium,Medium (3-4)
668,3,1495.5800000000002,186.94750000000002,65.07875,2011-02-18,2011-07-13,UK,Medium,Medium (3-4)
669,3,1119.66,223.93200000000002,85.414,2011-03-08,2011-08-14,UK,Medium,Medium (3-4)
670,4,3257.96,271.49666666666667,93.02666666666666,2011-04-13,2011-07-01,UK,High,Medium (3-4)
671,1,663.3399999999999,165.83499999999998,55.5775,2011-03-19,2011-03-19,UK,Low,Low (1-2)
672,1,628.8,209.6,100.73333333333333,2011-05-21,2011-05-21,Spain,Low,Low (1-2)
673,3,892.58,111.5725,38.2175,2011-01-12,2011-02-15,UK,Low,Medium (3-4)
674,3,2174.54,181.21166666666667,61.32416666666666,2011-03-09,2011-04-30,UK,High,Medium (3-4)
675,3,1370.63,228.43833333333336,62.193333333333335,2011-05-12,2011-06-29,UK,Medium,Medium (3-4)
676,1,747.3,747.3,249.1,2011-04-06,2011-04-06,Netherlands,Low,Low (1-2)
677,3,1281.55,142.39444444444445,76.15666666666668,2011-03-23,2011-04-25,UK,Medium,Medium (3-4)
678,1,986.02,246.505,89.52,2011-07-24,2011-07-24,UK,Low,Low (1-2)
679,1,925.8199999999999,231.45499999999998,84.14500000000001,2011-07-10,2011-07-10,Netherlands,Low,Low (1-2)
680,1,681.59,170.3975,42.81,2011-05-21,2011-05-21,France,Low,Low (1-2)
681,1,624.0600000000001,312.03000000000003,76.97,2011-05-20,2011-05-20,France,Low,Low (1-2)
682,3,1712.24,155.65818181818182,57.555454545454545,2011-06-07,2011-08-06,UK,Medium,Medium (3-4)
683,2,968.38,193.676,79.944,2011-03-05,2011-06-21,UK,Low,Low (1-2)
684,5,3281.6,164.07999999999998,56.8,2011-02-23,2011-05-10,UK,High,High (5+)
685,1,1017.2400000000001,203.44800000000004,51.932,2011-05-12,2011-05-12,Spain,Low,Low (1-2)
686,3,1200.75,171.53571428571428,50.769999999999996,2011-03-07,2011-07-12,UK,Medium,Medium (3-4)
687,3,1479.77,184.97125,63.83875,2011-01-31,2011-07-13,UK,Medium,Medium (3-4)
688,3,1328.77,166.09625,81.245,2011-03-15,2011-05-20,UK,Medium,Medium (3-4)
689,4,3255.1400000000003,232.51000000000002,63.16142857142857,2011-02-21,2011-08-03,Germany,High,Medium (3-4)
690,3,2441.45,348.7785714285714,76.67999999999999,2011-02-15,2011-05-06,UK,High,Medium (3-4)
691,2,731.17,243.72333333333333,57.27666666666667,2011-04-09,2011-05-03,UK,Low,Low (1-2)
692,5,1673.09,128.69923076923075,56.24615384615385,2011-01-26,2011-07-20,UK,Medium,High (5+)
693,2,575.85,143.9625,49.9475,2011-03-20,2011-07-26,UK,Low,Low (1-2)
694,3,3375.82,281.3183333333333,75.22083333333333,2011-02-09,2011-07-05,UK,High,Medium (3-4)
695,3,1693.92,282.32,95.53666666666668,2011-02-09,2011-07-11,UK,Medium,Medium (3-4)
696,2,1103.44,367.81333333333333,101.05000000000001,2011-01-27,2011-07-13,UK,Medium,Low (1-2)
697,3,1677.81,186.42333333333332,72.11888888888888,2011-01-13,2011-04-05,UK,Medium,Medium (3-4)
698,3,2139.16,267.395,76.4025,2011-05-19,2011-07-25,UK,High,Medium (3-4)
699,3,1411.68,235.28,75.97666666666667,2011-03-28,2011-05-20,UK,Medium,Medium (3-4)
700,4,2553.9399999999996,319.24249999999995,86.83500000000001,2011-01-09,2011-06-13,UK,High,Medium (3-4)
701,4,1531.21,153.121,58.559000000000005,2011-02-22,2011-06-29,UK,Medium,Medium (3-4)
702,2,1533.1,219.0142857142857,76.72714285714287,2011-03-11,2011-05-06,UK,Medium,Low (1-2)
703,2,1893.03,189.303,65.681,2011-07-15,2011-07-23,UK,High,Low (1-2)
704,4,3638.9300000000003,259.92357142857145,76.56428571428572,2011-03-29,2011-07-22,UK,High,Medium (3-4)
705,4,834.3599999999999,139.05999999999997,61.74166666666667,2011-02-18,2011-08-07,UK,Low,Medium (3-4)
706,3,1784.3700000000001,223.04625000000001,67.975,2011-03-01,2011-08-10,Netherlands,Medium,Medium (3-4)
707,3,3185.21,245.01615384615386,69.8423076923077,2011-04-06,2011-08-23,UK,High,Medium (3-4)
708,1,358.5,358.5,71.7,2011-05-19,2011-05-19,France,Low,Low (1-2)
709,3,1583.7399999999998,197.96749999999997,92.20375,2011-02-26,2011-06-18,UK,Medium,Medium (3-4)
710,3,1457.26,161.9177777777778,51.492222222222225,2011-05-02,2011-07-20,UK,Medium,Medium (3-4)
711,1,1141.96,380.65333333333336,122.25666666666666,2011-06-13,2011-06-13,Germany,Medium,Low (1-2)
712,2,927.52,132.50285714285715,43.604285714285716,2011-01-29,2011-02-16,UK,Low,Low (1-2)
713,3,1057.42,151.06,45.71857142857142,2011-02-02,2011-06-09,UK,Medium,Medium (3-4)
714,3,2296.1600000000003,208.74181818181822,57.60363636363636,2011-02-05,2011-04-12,UK,High,Medium (3-4)
715,3,460.71000000000004,115.17750000000001,99.3925,2011-04-11,2011-07-17,UK,Low,Medium (3-4)
716,1,783.44,261.1466666666667,71.54666666666667,2011-07-03,2011-07-03,Spain,Low,Low (1-2)
717,2,485.98,121.495,57.8525,2011-03-26,2011-08-25,France,Low,Low (1-2)
718,4,3420.56,310.96,77.13545454545455,2011-01-23,2011-07-07,Netherlands,High,Medium (3-4)
719,4,2055.55,171.29583333333335,65.12083333333334,2011-02-21,2011-08-06,UK,High,Medium (3-4)
720,1,172.52,172.52,86.26,2011-01-27,2011-01-27,Germany,Low,Low (1-2)
721,1,1123.85,280.9625,70.6075,2011-06-16,2011-06-16,Spain,Medium,Low (1-2)
722,3,2533.21,253.321,73.079,2011-03-28,2011-07-05,UK,High,Medium (3-4)
723,2,961.9599999999999,120.24499999999999,38.6825,2011-04-30,2011-06-05,UK,Low,Low (1-2)
725,3,1954.5800000000002,279.22571428571433,101.25,2011-04-29,2011-05-18,UK,High,Medium (3-4)
726,1,604.16,604.16,151.04,2011-03-09,2011-03-09,France,Low,Low (1-2)
727,3,4191.5,349.2916666666667,97.34583333333335,2011-06-17,2011-06-30,UK,High,Medium (3-4)
728,1,322.64,322.64,80.66,2011-05-04,2011-05-04,Germany,Low,Low (1-2)
729,3,1364.3600000000001,227.39333333333335,71.71833333333333,2011-03-06,2011-07-16,UK,Medium,Medium (3-4)
730,2,1690.44,241.49142857142857,67.69571428571429,2011-02-22,2011-05-22,UK,Medium,Low (1-2)
731,3,1582.9,143.9,56.38545454545454,2011-01-26,2011-07-05,UK,Medium,Medium (3-4)
732,4,1796.98,199.66444444444446,58.940000000000005,2011-04-30,2011-07-06,France,Medium,Medium (3-4)
733,3,3826.56,347.8690909090909,112.2209090909091,2011-07-20,2011-08-05,UK,High,Medium (3-4)
734,5,2799.86,199.99,63.91214285714286,2011-03-15,2011-07-01,UK,High,High (5+)
735,3,2165.25,196.8409090909091,56.22,2011-03-14,2011-07-01,UK,High,Medium (3-4)
736,1,262.86,262.86,87.62,2011-04-15,2011-04-15,France,Low,Low (1-2)
737,2,1248.5,156.0625,48.70625,2011-02-08,2011-07-11,UK,Medium,Low (1-2)
738,4,1925.12,320.8533333333333,90.93666666666667,2011-02-21,2011-07-23,France,High,Medium (3-4)
739,4,4532.28,283.2675,79.9875,2011-03-12,2011-06-27,UK,High,Medium (3-4)
740,3,2289.39,327.05571428571426,107.45428571428572,2011-03-04,2011-08-04,UK,High,Medium (3-4)
741,3,1718.92,156.26545454545456,62.48454545454546,2011-02-13,2011-07-07,UK,Medium,Medium (3-4)
742,3,1894.2,172.20000000000002,73.56727272727272,2011-03-27,2011-07-02,UK,High,Medium (3-4)
743,5,3424.69,244.62071428571429,67.51857142857143,2011-03-07,2011-08-09,Germany,High,High (5+)
744,6,3867.94,214.88555555555556,72.54444444444444,2011-03-07,2011-07-18,UK,High,High (5+)
745,1,723.05,361.525,79.21000000000001,2011-06-09,2011-06-09,UK,Low,Low (1-2)
746,1,284.19,94.73,41.663333333333334,2011-03-22,2011-03-22,Spain,Low,Low (1-2)
747,3,1995.32,199.53199999999998,100.456,2011-05-10,2011-06-25,UK,High,Medium (3-4)
748,4,2941.44,226.26461538461538,76.55384615384615,2011-06-08,2011-07-16,UK,High,Medium (3-4)
749,1,170.24,85.12,37.28,2011-06-23,2011-06-23,Spain,Low,Low (1-2)
750,1,758.0400000000001,189.51000000000002,54.675000000000004,2011-02-25,2011-02-25,UK,Low,Low (1-2)
751,3,1933.27,276.18142857142857,74.66285714285713,2011-04-25,2011-06-23,UK,High,Medium (3-4)
752,1,52.839999999999996,26.419999999999998,15.07,2011-03-21,2011-03-21,Spain,Low,Low (1-2)
753,3,1887.8200000000002,235.97750000000002,69.725,2011-02-22,2011-07-01,UK,High,Medium (3-4)
754,3,1596.22,145.1109090909091,69.91545454545455,2011-05-07,2011-07-16,UK,Medium,Medium (3-4)
755,3,345.23,69.046,45.995999999999995,2011-03-28,2011-06-08,UK,Low,Medium (3-4)
756,1,263.45,87.81666666666666,35.126666666666665,2011-05-22,2011-05-22,Germany,Low,Low (1-2)
757,2,1159.37,231.87399999999997,91.318,2011-04-08,2011-04-25,UK,Medium,Low (1-2)
758,2,2061.62,257.7025,92.89875,2011-03-02,2011-07-03,UK,High,Low (1-2)
759,1,553.3000000000001,184.43333333333337,113.52333333333333,2011-05-20,2011-05-20,Spain,Low,Low (1-2)
760,1,54.79,54.79,54.79,2011-06-24,2011-06-24,Germany,Low,Low (1-2)
761,3,1993.8000000000002,199.38000000000002,56.576,2011-03-20,2011-05-02,UK,High,Medium (3-4)
762,3,551.0799999999999,137.76999999999998,32.92,2011-02-24,2011-06-08,UK,Low,Medium (3-4)
763,3,2918.05,324.2277777777778,108.69888888888889,2011-06-16,2011-07-09,UK,High,Medium (3-4)
764,4,3850.09,320.84083333333336,97.37833333333333,2011-05-12,2011-07-02,Germany,High,Medium (3-4)
765,3,1581.5,225.92857142857142,74.83571428571429,2011-02-18,2011-06-03,UK,Medium,Medium (3-4)
766,3,1860.8999999999999,169.17272727272726,51.058181818181815,2011-01-23,2011-03-19,UK,Medium,Medium (3-4)
768,1,1042.93,260.7325,71.3775,2011-05-31,2011-05-31,France,Low,Low (1-2)
769,4,1449.46,144.946,54.123000000000005,2011-04-02,2011-07-09,UK,Medium,Medium (3-4)
770,1,131.67,65.835,33.66,2011-03-08,2011-03-08,France,Low,Low (1-2)
771,3,1776.91,177.691,89.464,2011-03-10,2011-06-29,UK,Medium,Medium (3-4)
772,2,1815.9,302.65000000000003,99.67666666666666,2011-05-28,2011-07-14,France,Medium,Low (1-2)
773,1,434.6,144.86666666666667,48.839999999999996,2011-05-07,2011-05-07,UK,Low,Low (1-2)
774,1,643.52,321.76,160.88,2011-07-20,2011-07-20,UK,Low,Low (1-2)
775,5,2518.91,157.431875,58.624375,2011-02-19,2011-06-23,Germany,High,High (5+)
776,2,759.5,189.875,46.74,2011-01-20,2011-04-28,UK,Low,Low (1-2)
777,3,1883.6299999999999,188.363,63.021,2011-06-06,2011-08-01,UK,High,Medium (3-4)
778,2,1419.06,236.51,89.13333333333334,2011-07-13,2011-07-16,Germany,Medium,Low (1-2)
779,1,108.28,54.14,22.54,2011-03-15,2011-03-15,Germany,Low,Low (1-2)
780,3,1654.2500000000002,183.80555555555557,86.10222222222222,2011-02-28,2011-08-02,UK,Medium,Medium (3-4)
781,4,1728.27,123.44785714285715,48.589285714285715,2011-04-14,2011-06-06,UK,Medium,Medium (3-4)
782,3,1580.34,316.068,104.124,2011-01-28,2011-06-03,UK,Medium,Medium (3-4)
783,1,573.3100000000001,286.65500000000003,94.94,2011-06-22,2011-06-22,UK,Low,Low (1-2)
784,3,1792.7,298.78333333333336,73.995,2011-03-20,2011-07-18,UK,Medium,Medium (3-4)
785,6,3307.62,236.25857142857143,80.62142857142858,2011-02-26,2011-06-30,UK,High,High (5+)
786,1,591.05,197.01666666666665,109.31666666666666,2011-03-19,2011-03-19,Spain,Low,Low (1-2)
787,3,1525.25,190.65625,98.5,2011-04-07,2011-08-06,UK,Medium,Medium (3-4)
788,3,1758.38,175.83800000000002,57.515,2011-02-15,2011-06-18,UK,Medium,Medium (3-4)
789,3,1608.58,201.0725,67.39625,2011-02-15,2011-05-09,UK,Medium,Medium (3-4)
790,2,1547.95,171.99444444444444,69.55000000000001,2011-02-22,2011-06-28,Netherlands,Medium,Low (1-2)
791,3,1742.44,248.92000000000002,59.84285714285714,2011-02-01,2011-06-25,UK,Medium,Medium (3-4)
792,2,1748.45,249.77857142857144,69.41142857142857,2011-03-22,2011-06-03,UK,Medium,Low (1-2)
793,3,1318.54,164.8175,40.90125,2011-03-07,2011-05-12,UK,Medium,Medium (3-4)
794,3,986.54,197.308,49.42,2011-05-09,2011-06-28,UK,Low,Medium (3-4)
795,2,1234.79,205.79833333333332,67.73166666666667,2011-02-16,2011-06-07,UK,Medium,Low (1-2)
796,3,1938.1100000000001,242.26375000000002,75.015,2011-03-02,2011-07-13,France,High,Medium (3-4)
797,1,468.34,234.17,68.16,2011-03-25,2011-03-25,Spain,Low,Low (1-2)
798,2,801.9200000000001,267.3066666666667,83.64666666666666,2011-07-23,2011-08-15,UK,Low,Low (1-2)
799,4,2183.11,181.92583333333334,76.30166666666666,2011-03-21,2011-06-10,UK,High,Medium (3-4)
800,1,43.72,43.72,21.86,2011-05-08,2011-05-08,Spain,Low,Low (1-2)
801,1,681.9000000000001,340.95000000000005,83.72,2011-06-23,2011-06-23,Germany,Low,Low (1-2)
802,3,2700.5299999999997,207.7330769230769,74.90923076923076,2011-04-20,2011-05-23,UK,High,Medium (3-4)
803,3,1497.0,187.125,76.47875,2011-03-18,2011-08-10,UK,Medium,Medium (3-4)
804,1,641.2,641.2,128.24,2011-05-24,2011-05-24,UK,Low,Low (1-2)
805,3,1339.9,191.41428571428574,60.73428571428571,2011-03-24,2011-08-01,UK,Medium,Medium (3-4)
806,6,4217.81,248.1064705882353,75.16176470588235,2011-02-12,2011-07-07,Germany,High,High (5+)
808,1,1136.6699999999998,378.88999999999993,87.56,2011-06-27,2011-06-27,Spain,Medium,Low (1-2)
809,1,42.7,42.7,21.35,2011-07-22,2011-07-22,UK,Low,Low (1-2)
810,6,4457.42,234.60105263157894,68.83684210526316,2011-04-07,2011-07-28,UK,High,High (5+)
811,2,1336.91,445.6366666666667,116.53666666666668,2011-02-24,2011-05-11,Netherlands,Medium,Low (1-2)
812,2,507.76,253.88,87.32,2011-02-19,2011-04-07,France,Low,Low (1-2)
813,1,577.0799999999999,288.53999999999996,164.99,2011-03-13,2011-03-13,UK,Low,Low (1-2)
814,1,604.72,201.57333333333335,81.31666666666666,2011-06-08,2011-06-08,Spain,Low,Low (1-2)
815,5,4203.31,221.2268421052632,77.85368421052631,2011-02-27,2011-08-11,France,High,High (5+)
816,3,1223.79,174.82714285714286,67.94571428571429,2011-01-16,2011-02-27,UK,Medium,Medium (3-4)
817,3,1586.29,198.28625,60.3275,2011-04-08,2011-06-30,UK,Medium,Medium (3-4)
818,6,4448.28,193.40347826086955,66.65130434782608,2011-03-24,2011-08-15,UK,High,High (5+)
819,1,75.76,75.76,37.88,2011-05-10,2011-05-10,UK,Low,Low (1-2)
820,3,720.41,144.082,62.968,2011-03-30,2011-08-08,UK,Low,Medium (3-4)
821,4,3132.6800000000003,284.78909090909093,108.05999999999999,2011-06-05,2011-07-26,France,High,Medium (3-4)
822,2,615.38,153.845,57.5175,2011-01-30,2011-04-11,UK,Low,Low (1-2)
823,3,1775.0099999999998,221.87624999999997,77.71625,2011-03-09,2011-06-10,UK,Medium,Medium (3-4)
824,3,1245.64,207.60666666666668,63.565,2011-02-05,2011-05-05,UK,Medium,Medium (3-4)
825,3,1866.63,186.663,73.07000000000001,2011-01-30,2011-04-29,UK,Medium,Medium (3-4)
826,1,1568.37,313.674,69.838,2011-07-10,2011-07-10,Spain,Medium,Low (1-2)
827,2,693.86,173.465,80.5975,2011-03-22,2011-04-05,UK,Low,Low (1-2)
828,3,2254.38,250.48666666666668,91.57444444444445,2011-02-19,2011-07-12,UK,High,Medium (3-4)
829,4,1825.99,182.599,76.569,2011-02-05,2011-06-11,Germany,Medium,Medium (3-4)
830,4,2322.66,193.55499999999998,57.5875,2011-02-05,2011-06-26,UK,High,Medium (3-4)
831,3,1816.01,302.66833333333335,77.61166666666666,2011-02-09,2011-06-02,UK,Medium,Medium (3-4)
832,3,624.21,124.84200000000001,64.092,2011-05-31,2011-07-31,UK,Low,Medium (3-4)
833,4,2267.69,151.17933333333335,64.112,2011-02-02,2011-04-01,UK,High,Medium (3-4)
834,3,1203.78,150.4725,52.05875,2011-03-04,2011-07-12,UK,Medium,Medium (3-4)
835,3,2192.45,219.24499999999998,69.152,2011-04-07,2011-06-26,UK,High,Medium (3-4)
836,4,2024.02,168.66833333333332,60.82750000000001,2011-01-24,2011-04-18,UK,High,Medium (3-4)
837,1,171.81,85.905,22.875,2011-03-17,2011-03-17,Spain,Low,Low (1-2)
838,3,459.62,114.905,53.989999999999995,2011-02-27,2011-04-22,UK,Low,Medium (3-4)
839,3,1340.63,268.12600000000003,92.554,2011-05-11,2011-07-10,UK,Medium,Medium (3-4)
840,3,1147.7,191.28333333333333,82.33166666666666,2011-04-29,2011-06-14,UK,Medium,Medium (3-4)
841,2,1230.57,175.79571428571427,77.05428571428571,2011-04-13,2011-07-29,UK,Medium,Low (1-2)
842,3,1966.35,218.48333333333332,89.9,2011-03-28,2011-07-27,UK,High,Medium (3-4)
843,3,1332.0,121.0909090909091,50.39272727272728,2011-02-20,2011-07-26,UK,Medium,Medium (3-4)
844,1,532.64,266.32,85.58,2011-04-04,2011-04-04,Netherlands,Low,Low (1-2)
845,3,2093.5,261.6875,70.42750000000001,2011-02-01,2011-05-17,UK,High,Medium (3-4)
846,4,710.46,142.092,45.826,2011-03-31,2011-08-09,UK,Low,Medium (3-4)
847,2,1269.53,253.906,70.368,2011-02-19,2011-07-10,UK,Medium,Low (1-2)
848,1,78.78,78.78,26.26,2011-03-06,2011-03-06,Netherlands,Low,Low (1-2)
849,4,1098.52,137.315,48.58625,2011-02-18,2011-05-08,UK,Medium,Medium (3-4)
850,3,1276.58,159.5725,64.8225,2011-02-20,2011-07-11,UK,Medium,Medium (3-4)
851,3,953.21,238.3025,101.0975,2011-03-07,2011-08-13,UK,Low,Medium (3-4)
852,1,1609.79,804.895,226.95499999999998,2011-07-15,2011-07-15,Germany,Medium,Low (1-2)
853,3,3070.4,438.62857142857143,107.94142857142857,2011-05-04,2011-08-23,UK,High,Medium (3-4)
854,1,177.11,88.555,52.795,2011-06-27,2011-06-27,Spain,Low,Low (1-2)
855,3,2392.84,199.40333333333334,70.12916666666666,2011-06-10,2011-07-20,UK,High,Medium (3-4)
856,3,1100.99,157.28428571428572,70.40857142857143,2011-05-31,2011-07-01,UK,Medium,Medium (3-4)
857,3,619.96,154.99,54.222500000000004,2011-04-28,2011-08-06,UK,Low,Medium (3-4)
858,3,2676.82,223.06833333333336,81.53833333333334,2011-04-18,2011-07-15,UK,High,Medium (3-4)
859,4,2174.7,181.225,59.85833333333333,2011-01-31,2011-05-24,UK,High,Medium (3-4)
860,4,2476.9300000000003,190.53307692307695,59.357692307692304,2011-03-03,2011-05-09,UK,High,Medium (3-4)
861,1,1287.28,257.456,69.772,2011-05-26,2011-05-26,Germany,Medium,Low (1-2)
862,2,1035.4099999999999,207.08199999999997,64.80199999999999,2011-07-10,2011-07-22,UK,Low,Low (1-2)
863,5,2015.26,125.95375,47.076875,2011-03-22,2011-07-29,UK,High,High (5+)
864,1,388.46,129.48666666666665,32.013333333333335,2011-07-11,2011-07-11,UK,Low,Low (1-2)
865,3,2411.69,301.46125,97.715,2011-06-04,2011-07-22,UK,High,Medium (3-4)
866,2,1293.0700000000002,323.26750000000004,131.2275,2011-04-26,2011-06-25,UK,Medium,Low (1-2)
867,3,1861.76,232.72,82.455,2011-04-06,2011-06-14,UK,Medium,Medium (3-4)
868,1,852.0899999999999,170.41799999999998,38.15,2011-01-18,2011-01-18,UK,Low,Low (1-2)
869,1,675.4399999999999,225.14666666666665,74.32666666666667,2011-07-25,2011-07-25,France,Low,Low (1-2)
870,3,2072.66,207.266,63.83299999999999,2011-04-22,2011-07-04,Netherlands,High,Medium (3-4)
871,6,3430.19,190.56611111111113,63.410000000000004,2011-01-26,2011-06-04,UK,High,High (5+)
872,1,1210.25,302.5625,86.3025,2011-02-25,2011-02-25,UK,Medium,Low (1-2)
873,3,534.8199999999999,178.2733333333333,58.673333333333325,2011-06-19,2011-08-13,UK,Low,Medium (3-4)
874,1,126.4,126.4,63.2,2011-06-29,2011-06-29,UK,Low,Low (1-2)
875,4,3179.92,187.05411764705883,68.32117647058824,2011-02-04,2011-06-15,UK,High,Medium (3-4)
876,1,1200.93,240.186,89.188,2011-07-02,2011-07-02,UK,Medium,Low (1-2)
877,1,1501.54,300.308,77.178,2011-06-21,2011-06-21,Germany,Medium,Low (1-2)
878,2,763.9100000000001,190.97750000000002,54.542500000000004,2011-02-03,2011-02-20,UK,Low,Low (1-2)
879,3,842.4,140.4,60.36166666666666,2011-03-09,2011-07-26,UK,Low,Medium (3-4)
880,3,1581.96,175.77333333333334,65.5311111111111,2011-02-08,2011-06-13,UK,Medium,Medium (3-4)
881,2,1700.55,340.11,75.536,2011-07-18,2011-08-04,UK,Medium,Low (1-2)
882,3,2291.06,190.92166666666665,59.979166666666664,2011-01-24,2011-07-12,UK,High,Medium (3-4)
883,1,613.91,306.955,87.25,2011-05-22,2011-05-22,UK,Low,Low (1-2)
884,3,1171.92,195.32000000000002,50.035,2011-03-12,2011-07-01,UK,Medium,Medium (3-4)
885,3,1087.62,155.3742857142857,71.33142857142857,2011-02-05,2011-06-24,Germany,Medium,Medium (3-4)
886,2,449.09,112.2725,43.947500000000005,2011-01-22,2011-06-27,UK,Low,Low (1-2)
887,3,2224.38,222.43800000000002,66.324,2011-04-07,2011-07-10,UK,High,Medium (3-4)
888,3,2427.13,220.64818181818183,77.3409090909091,2011-03-27,2011-04-25,UK,High,Medium (3-4)
889,4,2574.37,234.03363636363636,84.97636363636364,2011-03-17,2011-06-28,UK,High,Medium (3-4)
890,2,1603.79,267.29833333333335,72.08166666666666,2011-03-11,2011-04-30,UK,Medium,Low (1-2)
891,1,1056.57,211.314,107.672,2011-06-04,2011-06-04,Germany,Medium,Low (1-2)
892,3,668.1700000000001,133.63400000000001,37.55,2011-03-06,2011-06-19,France,Low,Medium (3-4)
894,3,1025.77,170.96166666666667,70.29,2011-02-26,2011-07-17,UK,Low,Medium (3-4)
895,3,1762.97,195.88555555555556,63.38444444444445,2011-01-24,2011-04-12,UK,Medium,Medium (3-4)
896,1,463.31000000000006,231.65500000000003,92.715,2011-05-20,2011-05-20,UK,Low,Low (1-2)
897,2,829.92,165.98399999999998,53.048,2011-02-04,2011-05-30,UK,Low,Low (1-2)
898,1,578.48,192.82666666666668,61.0,2011-02-23,2011-02-23,Spain,Low,Low (1-2)
899,3,1508.29,251.38166666666666,62.669999999999995,2011-02-27,2011-07-26,UK,Medium,Medium (3-4)
900,5,2445.89,188.14538461538461,77.02230769230769,2011-05-04,2011-07-08,UK,High,High (5+)
901,3,1480.76,185.095,83.86875,2011-02-18,2011-07-18,UK,Medium,Medium (3-4)
902,3,3194.26,266.18833333333333,63.05916666666667,2011-03-05,2011-05-11,UK,High,Medium (3-4)
903,1,405.85,101.4625,46.925,2011-02-28,2011-02-28,UK,Low,Low (1-2)
904,2,961.25,320.4166666666667,92.82,2011-02-28,2011-07-23,UK,Low,Low (1-2)
905,2,1420.55,236.75833333333333,69.81333333333333,2011-02-16,2011-03-08,UK,Medium,Low (1-2)
906,1,203.46,203.46,67.82,2011-05-23,2011-05-23,Spain,Low,Low (1-2)
907,1,766.4200000000001,191.60500000000002,83.2875,2011-04-01,2011-04-01,France,Low,Low (1-2)
908,3,1854.29,309.04833333333335,91.63166666666667,2011-02-26,2011-05-25,UK,Medium,Medium (3-4)
909,4,1716.69,214.58625,70.985,2011-02-26,2011-05-12,UK,Medium,Medium (3-4)
910,3,2347.04,213.36727272727273,77.28090909090909,2011-03-17,2011-07-24,UK,High,Medium (3-4)
911,3,1483.3,185.4125,72.9,2011-05-15,2011-08-05,UK,Medium,Medium (3-4)
912,3,2448.0,204.0,70.645,2011-03-17,2011-07-23,UK,High,Medium (3-4)
913,2,535.49,89.24833333333333,48.03333333333333,2011-03-27,2011-06-14,UK,Low,Low (1-2)
914,3,1717.55,245.3642857142857,77.15714285714286,2011-02-20,2011-06-07,UK,Medium,Medium (3-4)
915,3,1395.27,155.03,52.187777777777775,2011-02-28,2011-06-03,UK,Medium,Medium (3-4)
916,4,3060.17,340.0188888888889,85.05333333333334,2011-04-26,2011-08-10,UK,High,Medium (3-4)
917,3,1321.53,188.79,71.72714285714285,2011-03-07,2011-07-04,UK,Medium,Medium (3-4)
918,3,1450.07,207.15285714285713,63.99142857142857,2011-03-27,2011-07-28,Netherlands,Medium,Medium (3-4)
919,2,953.76,190.752,46.266,2011-02-20,2011-03-05,Germany,Low,Low (1-2)
920,2,998.3399999999999,199.66799999999998,67.904,2011-02-11,2011-05-20,UK,Low,Low (1-2)
921,2,521.45,86.90833333333335,44.324999999999996,2011-02-12,2011-06-27,France,Low,Low (1-2)
922,3,2977.26,229.02,73.27384615384616,2011-01-21,2011-05-18,UK,High,Medium (3-4)
923,1,486.65000000000003,162.21666666666667,75.82333333333334,2011-07-05,2011-07-05,Spain,Low,Low (1-2)
924,1,463.98,231.99,65.56,2011-06-26,2011-06-26,Germany,Low,Low (1-2)
925,3,2289.58,190.79833333333332,87.71416666666666,2011-05-08,2011-07-12,UK,High,Medium (3-4)
926,3,4012.4500000000003,364.76818181818186,91.27272727272727,2011-05-26,2011-07-13,UK,High,Medium (3-4)
927,2,1888.68,269.81142857142856,139.41571428571427,2011-04-27,2011-06-03,UK,High,Low (1-2)
928,3,1679.42,279.90333333333336,84.54833333333333,2011-04-16,2011-08-07,UK,Medium,Medium (3-4)
929,4,3106.37,238.95153846153846,91.47384615384614,2011-03-15,2011-08-19,UK,High,Medium (3-4)
930,3,2021.72,224.63555555555556,66.74777777777778,2011-03-04,2011-07-23,UK,High,Medium (3-4)
931,1,1713.0500000000002,571.0166666666668,122.03666666666668,2011-07-14,2011-07-14,UK,Medium,Low (1-2)
932,1,589.99,117.998,54.912,2011-02-20,2011-02-20,France,Low,Low (1-2)
933,3,1168.88,129.87555555555556,42.04,2011-04-18,2011-05-15,Netherlands,Medium,Medium (3-4)
934,3,883.51,147.25166666666667,62.818333333333335,2011-02-28,2011-05-29,UK,Low,Medium (3-4)
935,3,1892.3000000000002,210.2555555555556,59.08555555555555,2011-02-05,2011-04-20,UK,High,Medium (3-4)
936,3,1788.44,198.71555555555557,62.85666666666667,2011-02-23,2011-08-16,UK,Medium,Medium (3-4)
937,3,1305.5,186.5,81.56428571428572,2011-03-12,2011-07-17,UK,Medium,Medium (3-4)
938,1,920.0,306.6666666666667,137.00333333333333,2011-06-27,2011-06-27,Spain,Low,Low (1-2)
939,3,2141.5,237.94444444444446,73.83555555555556,2011-01-27,2011-07-14,UK,High,Medium (3-4)
940,3,3426.81,228.454,65.062,2011-05-26,2011-07-19,UK,High,Medium (3-4)
941,2,729.69,121.61500000000001,63.415,2011-04-30,2011-05-13,UK,Low,Low (1-2)
942,1,497.40000000000003,124.35000000000001,35.214999999999996,2011-03-22,2011-03-22,UK,Low,Low (1-2)
943,3,930.97,132.99571428571429,52.44428571428572,2011-04-08,2011-05-31,UK,Low,Medium (3-4)
944,5,3816.25,346.9318181818182,103.05727272727273,2011-03-14,2011-05-31,France,High,High (5+)
945,1,444.67999999999995,148.22666666666666,42.36666666666667,2011-03-23,2011-03-23,UK,Low,Low (1-2)
946,3,2625.14,291.6822222222222,97.61111111111111,2011-04-09,2011-05-25,UK,High,Medium (3-4)
947,3,584.0699999999999,146.01749999999998,91.815,2011-03-31,2011-06-11,UK,Low,Medium (3-4)
948,1,517.37,129.3425,60.790000000000006,2011-06-26,2011-06-26,Spain,Low,Low (1-2)
949,2,668.24,167.06,51.24249999999999,2011-06-27,2011-08-01,France,Low,Low (1-2)
950,5,4410.95,294.06333333333333,89.88266666666667,2011-03-23,2011-08-14,UK,High,High (5+)
951,3,1701.3899999999999,189.04333333333332,66.02333333333334,2011-02-05,2011-04-15,UK,Medium,Medium (3-4)
952,3,716.01,179.0025,84.61,2011-04-12,2011-05-05,UK,Low,Medium (3-4)
953,3,1573.1499999999999,224.73571428571427,68.70142857142856,2011-02-13,2011-07-05,UK,Medium,Medium (3-4)
954,1,443.45,443.45,88.69,2011-04-30,2011-04-30,Spain,Low,Low (1-2)
955,3,1363.01,170.37625,53.8325,2011-03-09,2011-05-11,UK,Medium,Medium (3-4)
956,3,3103.9,238.76153846153846,86.00384615384615,2011-03-13,2011-07-23,UK,High,Medium (3-4)
957,3,2749.63,305.51444444444445,101.18111111111111,2011-03-07,2011-06-30,UK,High,Medium (3-4)
958,3,1616.62,179.62444444444444,80.33111111111111,2011-02-18,2011-07-10,UK,Medium,Medium (3-4)
959,3,3985.08,284.6485714285714,67.64142857142858,2011-03-24,2011-05-26,UK,High,Medium (3-4)
960,4,3272.8900000000003,297.53545454545457,76.66181818181818,2011-01-17,2011-06-30,Germany,High,Medium (3-4)
961,3,1126.86,187.80999999999997,60.995000000000005,2011-03-20,2011-07-18,UK,Medium,Medium (3-4)
962,3,1424.66,356.165,128.5875,2011-03-15,2011-07-21,UK,Medium,Medium (3-4)
963,1,915.11,228.7775,88.5425,2011-03-05,2011-03-05,UK,Low,Low (1-2)
964,2,2777.95,347.24375,90.39,2011-03-15,2011-06-17,UK,High,Low (1-2)
965,2,1033.1000000000001,206.62000000000003,60.112,2011-04-01,2011-08-10,UK,Low,Low (1-2)
966,3,1325.1399999999999,220.85666666666665,90.17833333333333,2011-01-31,2011-06-25,UK,Medium,Medium (3-4)
967,4,2175.05,310.7214285714286,85.42142857142858,2011-01-12,2011-05-30,Germany,High,Medium (3-4)
968,3,1054.28,117.14222222222222,76.18444444444445,2011-02-13,2011-07-26,UK,Medium,Medium (3-4)
969,4,3893.32,243.3325,70.436875,2011-02-22,2011-05-21,UK,High,Medium (3-4)
970,3,1159.41,128.82333333333335,43.87222222222223,2011-02-12,2011-03-19,UK,Medium,Medium (3-4)
971,3,1969.54,281.36285714285714,81.38857142857144,2011-03-21,2011-04-24,UK,High,Medium (3-4)
972,1,767.37,255.79,116.51666666666667,2011-03-02,2011-03-02,Spain,Low,Low (1-2)
973,3,1880.24,268.60571428571427,66.29285714285714,2011-02-10,2011-05-06,Germany,High,Medium (3-4)
974,3,489.58,97.916,47.622,2011-01-24,2011-05-30,UK,Low,Medium (3-4)
975,1,434.56,144.85333333333332,50.11333333333334,2011-03-20,2011-03-20,UK,Low,Low (1-2)
976,4,3710.03,231.876875,78.324375,2011-03-09,2011-07-05,UK,High,Medium (3-4)
977,3,1763.94,220.4925,73.1075,2011-03-17,2011-05-22,UK,Medium,Medium (3-4)
978,3,810.72,115.81714285714285,44.41571428571428,2011-01-29,2011-06-22,UK,Low,Medium (3-4)
979,2,1343.08,167.885,59.37375,2011-04-30,2011-06-04,UK,Medium,Low (1-2)
980,2,584.99,146.2475,55.879999999999995,2011-04-15,2011-04-15,UK,Low,Low (1-2)
981,2,713.05,178.2625,54.107499999999995,2011-03-31,2011-06-16,UK,Low,Low (1-2)
982,1,50.94,25.47,25.47,2011-07-26,2011-07-26,Germany,Low,Low (1-2)
983,5,2470.8,247.08,87.409,2011-03-11,2011-05-10,UK,High,High (5+)
984,3,1833.47,166.67909090909092,62.63454545454545,2011-02-23,2011-05-12,UK,Medium,Medium (3-4)
985,5,2823.39,176.461875,47.5725,2011-02-16,2011-06-19,Germany,High,High (5+)
986,3,1453.22,242.20333333333335,93.25666666666666,2011-04-25,2011-07-22,UK,Medium,Medium (3-4)
987,3,1231.9499999999998,410.6499999999999,129.51666666666668,2011-03-13,2011-07-09,UK,Medium,Medium (3-4)
988,3,2824.1,217.23846153846154,73.82692307692308,2011-06-02,2011-07-17,UK,High,Medium (3-4)
989,3,2170.13,217.013,79.409,2011-02-14,2011-06-23,UK,High,Medium (3-4)
990,2,537.1800000000001,179.06000000000003,38.52333333333333,2011-02-17,2011-06-22,France,Low,Low (1-2)
991,5,1569.44,196.18,71.5375,2011-03-28,2011-08-17,Germany,Medium,High (5+)
992,5,3572.54,238.16933333333333,81.30666666666666,2011-03-05,2011-06-28,UK,High,High (5+)
993,3,2413.38,268.15333333333336,64.5311111111111,2011-02-19,2011-07-10,UK,High,Medium (3-4)
994,5,3342.94,208.93375,66.80437500000001,2011-01-30,2011-06-23,UK,High,High (5+)
995,3,988.6400000000001,197.728,55.327999999999996,2011-04-23,2011-08-15,UK,Low,Medium (3-4)
996,2,940.3800000000001,235.09500000000003,66.62,2011-03-01,2011-06-11,UK,Low,Low (1-2)
997,1,111.06,111.06,37.02,2011-01-17,2011-01-17,Spain,Low,Low (1-2)
998,3,2878.56,261.6872727272727,91.25545454545454,2011-03-30,2011-08-11,UK,High,Medium (3-4)
999,3,1505.27,215.03857142857143,66.11571428571429,2011-05-18,2011-06-22,Netherlands,Medium,Medium (3-4)
1000,4,3651.75,214.80882352941177,69.67999999999999,2011-01-17,2011-05-21,UK,High,Medium (3-4)
