customer_id,Recency,Frequency,Monetary,Segment
C00001,868.0,21,71202.77,VIP
C00002,824.0,20,27479.43,高频客户
C00003,797.0,23,51894.26,VIP
C00004,774.0,21,64367.02,VIP
C00005,742.0,18,41025.23,高频客户
C00006,816.0,26,114838.79,VIP
C00007,819.0,16,20878.33,高频客户
C00008,811.0,24,54946.48,VIP
C00009,832.0,25,45981.35,高频客户
C00010,828.0,25,59859.57,VIP
C00011,775.0,21,54486.34,VIP
C00012,706.0,17,22789.94,高频客户
C00013,831.0,26,56937.57,VIP
C00014,782.0,26,38041.16,高频客户
C00015,797.0,19,49257.26,高频客户
C00016,859.0,16,36460.81,高频客户
C00017,690.0,18,49288.82,高频客户
C00018,653.0,16,30523.82,高频客户
C00019,764.0,17,54796.92,VIP
C00020,860.0,21,78549.34,VIP
C00021,736.0,18,43480.78,高频客户
C00022,732.0,25,74607.43,VIP
C00023,808.0,25,60096.3,VIP
C00024,706.0,15,26774.49,高频客户
C00025,798.0,15,33371.07,高频客户
C00026,767.0,18,55956.55,VIP
C00027,822.0,24,32889.16,高频客户
C00028,829.0,28,79793.07,VIP
C00029,840.0,19,27692.04,高频客户
C00030,636.0,15,41854.66,高频客户
C00031,841.0,16,17625.83,高频客户
C00032,846.0,26,49516.85,高频客户
C00033,701.0,21,46495.76,高频客户
C00034,762.0,22,51806.79,VIP
C00035,806.0,24,55685.96,VIP
C00036,763.0,15,31250.22,高频客户
C00037,620.0,23,63932.5,VIP
C00038,830.0,21,42417.14,高频客户
C00039,858.0,22,48754.41,高频客户
C00040,841.0,18,56083.72,VIP
C00041,837.0,19,45252.7,高频客户
C00042,726.0,24,67981.73,VIP
C00043,691.0,18,47714.42,高频客户
C00044,860.0,16,24035.07,高频客户
C00045,696.0,19,50884.89,VIP
C00046,773.0,14,19337.2,高频客户
C00047,792.0,24,31842.19,高频客户
C00048,755.0,21,44010.76,高频客户
C00049,818.0,26,121220.04,VIP
C00050,783.0,18,30618.39,高频客户
C00051,773.0,27,68249.68,VIP
C00052,817.0,23,60256.93,VIP
C00053,731.0,20,68625.27,VIP
C00054,838.0,19,24879.44,高频客户
C00055,730.0,13,25246.39,高频客户
C00056,759.0,28,69695.31,VIP
C00057,840.0,28,56516.72,VIP
C00058,818.0,28,73157.63,VIP
C00059,845.0,26,84427.22,VIP
C00060,765.0,18,48168.88,高频客户
C00061,839.0,27,88216.01,VIP
C00062,703.0,21,80519.74,VIP
C00063,719.0,16,36187.58,高频客户
C00064,817.0,22,55629.34,VIP
C00065,829.0,19,28291.59,高频客户
C00066,810.0,25,64282.37,VIP
C00067,632.0,16,44238.31,高频客户
C00068,839.0,18,23472.78,高频客户
C00069,848.0,18,47356.13,高频客户
C00070,787.0,28,48890.82,高频客户
C00071,788.0,17,28585.44,高频客户
C00072,851.0,23,57935.55,VIP
C00073,878.0,24,56616.67,VIP
C00074,867.0,22,40738.85,高频客户
C00075,826.0,20,46181.37,高频客户
C00076,694.0,19,51048.85,VIP
C00077,756.0,26,82450.64,VIP
C00078,746.0,21,46189.88,高频客户
C00079,819.0,27,42696.27,高频客户
C00080,848.0,17,71155.86,VIP
C00081,792.0,25,46208.99,高频客户
C00082,777.0,19,57208.84,VIP
C00083,849.0,21,47141.81,高频客户
C00084,841.0,32,67740.24,VIP
C00085,836.0,22,58189.33,VIP
C00086,699.0,31,73623.78,VIP
C00087,785.0,28,41307.17,高频客户
C00088,620.0,17,29929.65,高频客户
C00089,712.0,24,47881.5,高频客户
C00090,762.0,19,30433.95,高频客户
C00091,880.0,26,48909.14,高频客户
C00092,726.0,22,55867.21,VIP
C00093,844.0,27,65256.94,VIP
C00094,843.0,25,67319.53,VIP
C00095,858.0,20,46587.0,高频客户
C00096,811.0,21,66941.31,VIP
C00097,808.0,18,77927.87,VIP
C00098,761.0,20,30294.38,高频客户
C00099,705.0,17,86578.33,VIP
C00100,853.0,29,83434.39,VIP
C00101,845.0,14,38023.64,高频客户
C00102,819.0,18,68220.66,VIP
C00103,788.0,25,46710.48,高频客户
C00104,832.0,17,16787.37,高频客户
C00105,671.0,21,53099.35,VIP
C00106,713.0,16,42988.51,高频客户
C00107,849.0,20,75786.54,VIP
C00108,860.0,11,23891.78,高频客户
C00109,766.0,21,59940.27,VIP
C00110,748.0,22,42598.17,高频客户
C00111,870.0,20,63586.3,VIP
C00112,741.0,17,51261.96,VIP
C00113,847.0,21,61330.63,VIP
C00114,774.0,25,39985.13,高频客户
C00115,819.0,25,45904.46,高频客户
C00116,794.0,24,44246.37,高频客户
C00117,865.0,22,38529.62,高频客户
C00118,776.0,23,38172.06,高频客户
C00119,875.0,25,40225.06,高频客户
C00120,806.0,19,56123.43,VIP
C00121,873.0,23,68711.36,VIP
C00122,847.0,20,34837.66,高频客户
C00123,814.0,24,44952.57,高频客户
C00124,762.0,16,44870.3,高频客户
C00125,734.0,21,86242.61,VIP
C00126,809.0,17,34181.02,高频客户
C00127,861.0,14,20884.18,高频客户
C00128,738.0,23,87860.84,VIP
C00129,815.0,14,26616.51,高频客户
C00130,786.0,18,46375.52,高频客户
C00131,796.0,21,60164.62,VIP
C00132,788.0,17,61664.05,VIP
C00133,824.0,20,50298.81,VIP
C00134,797.0,23,95688.06,VIP
C00135,814.0,25,47192.01,高频客户
C00136,702.0,19,42530.04,高频客户
C00137,653.0,20,49169.07,高频客户
C00138,828.0,15,28599.35,高频客户
C00139,780.0,19,57885.95,VIP
C00140,822.0,23,42716.94,高频客户
C00141,793.0,24,54496.31,VIP
C00142,813.0,31,103821.43,VIP
C00143,859.0,28,35797.76,高频客户
C00144,853.0,25,87752.37,VIP
C00145,843.0,17,51399.52,VIP
C00146,838.0,30,122659.4,VIP
C00147,786.0,13,33504.84,高频客户
C00148,826.0,23,72290.98,VIP
C00149,713.0,18,47216.74,高频客户
C00150,766.0,22,40484.59,高频客户
C00151,792.0,24,34310.09,高频客户
C00152,733.0,20,28642.01,高频客户
C00153,767.0,19,48257.15,高频客户
C00154,670.0,18,39510.54,高频客户
C00155,827.0,18,53089.75,VIP
C00156,793.0,35,60110.31,VIP
C00157,644.0,21,38520.39,高频客户
C00158,742.0,18,33706.33,高频客户
C00159,752.0,23,54608.04,VIP
C00160,703.0,19,52426.69,VIP
C00161,807.0,20,41114.11,高频客户
C00162,777.0,23,76874.86,VIP
C00163,838.0,17,32083.17,高频客户
C00164,492.0,19,48523.37,高频客户
C00165,752.0,23,53447.01,VIP
C00166,839.0,22,56527.29,VIP
C00167,858.0,27,69979.94,VIP
C00168,782.0,15,41633.5,高频客户
C00169,866.0,28,64680.48,VIP
C00170,733.0,24,51972.37,VIP
C00171,698.0,24,50553.41,VIP
C00172,857.0,22,28273.27,高频客户
C00173,703.0,18,38419.95,高频客户
C00174,783.0,22,23075.94,高频客户
C00175,734.0,22,72372.74,VIP
C00176,815.0,19,57887.11,VIP
C00177,834.0,20,60890.71,VIP
C00178,519.0,16,27205.45,高频客户
C00179,751.0,20,57342.36,VIP
C00180,785.0,16,14041.41,活跃客户
C00181,854.0,23,79354.79,VIP
C00182,766.0,22,40217.74,高频客户
C00183,801.0,20,85309.4,VIP
C00184,798.0,25,55053.93,VIP
C00185,774.0,18,29481.41,高频客户
C00186,842.0,19,54782.54,VIP
C00187,809.0,27,32067.44,高频客户
C00188,810.0,27,84677.23,VIP
C00189,844.0,14,44090.11,高频客户
C00190,855.0,24,41889.44,高频客户
C00191,733.0,21,24526.87,高频客户
C00192,783.0,19,66544.57,VIP
C00193,824.0,23,59816.17,VIP
C00194,570.0,19,54206.39,VIP
C00195,668.0,19,36658.44,高频客户
C00196,755.0,17,38944.74,高频客户
C00197,765.0,16,39038.96,高频客户
C00198,858.0,23,83150.14,VIP
C00199,652.0,17,58329.31,VIP
C00200,856.0,24,57397.71,VIP
C00201,829.0,20,44597.08,高频客户
C00202,751.0,28,83656.51,VIP
C00203,838.0,25,47803.65,高频客户
C00204,588.0,18,39930.4,高频客户
C00205,875.0,24,52792.91,VIP
C00206,744.0,21,46572.48,高频客户
C00207,843.0,22,55233.48,VIP
C00208,877.0,26,48895.71,高频客户
C00209,852.0,23,81539.0,VIP
C00210,809.0,23,67128.99,VIP
C00211,774.0,16,28168.85,高频客户
C00212,794.0,24,58888.78,VIP
C00213,846.0,28,60390.05,VIP
C00214,832.0,26,61174.88,VIP
C00215,784.0,21,47296.53,高频客户
C00216,826.0,23,46818.39,高频客户
C00217,700.0,21,58693.61,VIP
C00218,812.0,17,27721.12,高频客户
C00219,853.0,22,58771.88,VIP
C00220,760.0,23,64601.7,VIP
C00221,715.0,19,48103.59,高频客户
C00222,842.0,27,85759.35,VIP
C00223,847.0,15,61116.11,VIP
C00224,840.0,27,49734.91,高频客户
C00225,668.0,28,57294.31,VIP
C00226,701.0,17,27242.53,高频客户
C00227,710.0,16,45852.76,高频客户
C00228,803.0,26,46871.63,高频客户
C00229,815.0,17,22432.64,高频客户
C00230,790.0,23,89949.79,VIP
C00231,814.0,28,132023.66,VIP
C00232,833.0,28,75803.88,VIP
C00233,742.0,21,71764.68,VIP
C00234,845.0,26,43658.06,高频客户
C00235,874.0,21,50220.57,VIP
C00236,839.0,29,51497.7,VIP
C00237,860.0,26,62836.51,VIP
C00238,852.0,22,31572.64,高频客户
C00239,815.0,23,83416.17,VIP
C00240,788.0,28,57475.39,VIP
C00241,808.0,23,49489.92,高频客户
C00242,772.0,18,28539.61,高频客户
C00243,802.0,25,80974.84,VIP
C00244,818.0,18,35600.51,高频客户
C00245,724.0,24,117555.42,VIP
C00246,821.0,20,33696.07,高频客户
C00247,787.0,18,28974.96,高频客户
C00248,816.0,17,27040.37,高频客户
C00249,806.0,25,54617.8,VIP
C00250,581.0,15,44621.86,高频客户
C00251,784.0,19,25648.36,高频客户
C00252,814.0,24,48299.8,高频客户
C00253,843.0,27,82017.91,VIP
C00254,846.0,23,55555.26,VIP
C00255,775.0,16,22633.1,高频客户
C00256,834.0,23,40851.73,高频客户
C00257,819.0,29,41388.36,高频客户
C00258,875.0,27,55187.98,VIP
C00259,712.0,22,57956.71,VIP
C00260,846.0,27,55012.84,VIP
C00261,851.0,21,37076.96,高频客户
C00262,711.0,17,49036.14,高频客户
C00263,853.0,28,59152.94,VIP
C00264,783.0,21,94938.29,VIP
C00265,863.0,24,55668.49,VIP
C00266,810.0,29,72472.11,VIP
C00267,847.0,20,30596.5,高频客户
C00268,668.0,17,30291.48,高频客户
C00269,832.0,29,71501.32,VIP
C00270,570.0,22,49552.02,高频客户
C00271,846.0,30,79285.78,VIP
C00272,798.0,17,35377.19,高频客户
C00273,801.0,18,24530.77,高频客户
C00274,852.0,26,32161.78,高频客户
C00275,870.0,31,29888.43,高频客户
C00276,858.0,21,44151.19,高频客户
C00277,835.0,19,34130.11,高频客户
C00278,821.0,30,78034.25,VIP
C00279,732.0,14,28335.55,高频客户
C00280,773.0,20,54498.71,VIP
C00281,825.0,21,48936.38,高频客户
C00282,799.0,15,27686.66,高频客户
C00283,770.0,25,61524.83,VIP
C00284,832.0,25,50443.38,VIP
C00285,765.0,14,49205.9,高频客户
C00286,808.0,19,41207.19,高频客户
C00287,816.0,18,37408.87,高频客户
C00288,681.0,13,43137.41,高频客户
C00289,811.0,22,54791.19,VIP
C00290,806.0,22,34298.83,高频客户
C00291,819.0,13,27833.58,高频客户
C00292,680.0,21,51877.01,VIP
C00293,851.0,25,34221.55,高频客户
C00294,843.0,29,47421.55,高频客户
C00295,821.0,19,54226.18,VIP
C00296,777.0,30,65833.23,VIP
C00297,599.0,21,60464.88,VIP
C00298,867.0,22,44728.54,高频客户
C00299,721.0,18,62488.45,VIP
C00300,783.0,21,51936.39,VIP
C00301,736.0,21,71679.04,VIP
C00302,786.0,24,43007.13,高频客户
C00303,649.0,19,52714.41,VIP
C00304,759.0,25,37295.72,高频客户
C00305,795.0,21,48488.92,高频客户
C00306,811.0,20,77807.12,VIP
C00307,745.0,16,42797.7,高频客户
C00308,842.0,23,73660.55,VIP
C00309,795.0,20,64847.26,VIP
C00310,818.0,21,49762.66,高频客户
C00311,771.0,17,35813.12,高频客户
C00312,796.0,30,54773.98,VIP
C00313,807.0,27,96921.55,VIP
C00314,758.0,27,58056.0,VIP
C00315,798.0,26,85695.2,VIP
C00316,710.0,17,48535.63,高频客户
C00317,827.0,22,81524.22,VIP
C00318,729.0,25,65906.2,VIP
C00319,754.0,30,55522.26,VIP
C00320,736.0,33,72651.31,VIP
C00321,846.0,22,56678.57,VIP
C00322,684.0,17,39291.29,高频客户
C00323,776.0,21,84311.42,VIP
C00324,723.0,20,61890.95,VIP
C00325,830.0,20,32115.22,高频客户
C00326,783.0,24,55068.84,VIP
C00327,817.0,20,67001.7,VIP
C00328,689.0,16,40060.53,高频客户
C00329,855.0,22,69947.94,VIP
C00330,760.0,22,30704.0,高频客户
C00331,766.0,19,29069.07,高频客户
C00332,844.0,15,41344.57,高频客户
C00333,780.0,20,43758.98,高频客户
C00334,700.0,19,55643.64,VIP
C00335,748.0,18,60196.91,VIP
C00336,827.0,25,75012.3,VIP
C00337,857.0,14,52543.59,VIP
C00338,873.0,28,43874.52,高频客户
C00339,785.0,28,103603.88,VIP
C00340,842.0,23,52603.12,VIP
C00341,460.0,14,45442.63,高频客户
C00342,774.0,26,52288.31,VIP
C00343,844.0,26,56658.58,VIP
C00344,852.0,13,20231.47,高频客户
C00345,824.0,22,53426.51,VIP
C00346,833.0,17,50261.19,VIP
C00347,819.0,24,51755.5,VIP
C00348,804.0,29,72541.5,VIP
C00349,868.0,25,46969.07,高频客户
C00350,617.0,19,29309.95,高频客户
C00351,642.0,17,120658.83,VIP
C00352,783.0,22,58008.8,VIP
C00353,773.0,26,69177.55,VIP
C00354,860.0,26,70930.66,VIP
C00355,849.0,18,37706.73,高频客户
C00356,626.0,12,18681.81,高频客户
C00357,842.0,18,55893.23,VIP
C00358,714.0,17,36982.66,高频客户
C00359,739.0,24,60114.38,VIP
C00360,767.0,13,27656.06,高频客户
C00361,866.0,20,33316.75,高频客户
C00362,704.0,31,64265.85,VIP
C00363,856.0,22,57394.37,VIP
C00364,860.0,22,57368.5,VIP
C00365,736.0,21,67989.5,VIP
C00366,856.0,22,64275.6,VIP
C00367,822.0,17,35900.47,高频客户
C00368,792.0,22,35068.16,高频客户
C00369,843.0,23,46857.96,高频客户
C00370,823.0,18,35952.73,高频客户
C00371,721.0,24,60513.42,VIP
C00372,812.0,25,63076.56,VIP
C00373,850.0,19,31737.27,高频客户
C00374,692.0,22,45376.27,高频客户
C00375,819.0,26,122617.79,VIP
C00376,714.0,24,34431.75,高频客户
C00377,860.0,28,57670.33,VIP
C00378,826.0,26,35308.62,高频客户
C00379,773.0,27,60326.82,VIP
C00380,806.0,27,93045.18,VIP
C00381,602.0,11,21174.0,高频客户
C00382,821.0,25,48776.74,高频客户
C00383,818.0,27,57886.58,VIP
C00384,696.0,20,52196.66,VIP
C00385,828.0,15,26613.84,高频客户
C00386,833.0,26,34838.06,高频客户
C00387,633.0,16,46437.25,高频客户
C00388,830.0,19,45321.36,高频客户
C00389,791.0,18,57532.82,VIP
C00390,784.0,20,52136.09,VIP
C00391,785.0,25,58984.87,VIP
C00392,704.0,19,51256.51,VIP
C00393,808.0,25,88756.55,VIP
C00394,694.0,19,43296.27,高频客户
C00395,840.0,23,68509.8,VIP
C00396,707.0,14,57646.82,VIP
C00397,830.0,21,37065.82,高频客户
C00398,806.0,21,22276.76,高频客户
C00399,859.0,33,70933.77,VIP
C00400,792.0,23,69068.56,VIP
C00401,821.0,24,58424.59,VIP
C00402,863.0,16,35297.41,高频客户
C00403,847.0,26,71433.03,VIP
C00404,804.0,28,67060.8,VIP
C00405,842.0,25,84913.31,VIP
C00406,739.0,20,64642.36,VIP
C00407,858.0,17,40434.27,高频客户
C00408,866.0,22,51744.96,VIP
C00409,735.0,24,75403.08,VIP
C00410,809.0,19,73713.91,VIP
C00411,789.0,20,38390.4,高频客户
C00412,809.0,18,85028.17,VIP
C00413,767.0,17,34397.84,高频客户
C00414,680.0,22,41040.55,高频客户
C00415,781.0,21,68121.09,VIP
C00416,725.0,20,49110.81,高频客户
C00417,841.0,28,66343.11,VIP
C00418,683.0,24,58423.0,VIP
C00419,802.0,19,73160.78,VIP
C00420,793.0,25,80568.21,VIP
C00421,767.0,17,26885.8,高频客户
C00422,842.0,22,38974.47,高频客户
C00423,750.0,24,66507.17,VIP
C00424,780.0,17,47715.19,高频客户
C00425,792.0,21,37159.98,高频客户
C00426,642.0,15,39664.45,高频客户
C00427,768.0,25,48325.43,高频客户
C00428,817.0,25,48472.73,高频客户
C00429,724.0,27,42628.92,高频客户
C00430,856.0,19,39821.97,高频客户
C00431,760.0,22,59144.8,VIP
C00432,722.0,21,27392.28,高频客户
C00433,775.0,26,61732.47,VIP
C00434,786.0,25,61123.27,VIP
C00435,863.0,21,42651.5,高频客户
C00436,820.0,29,53592.82,VIP
C00437,656.0,16,46896.01,高频客户
C00438,778.0,24,44553.82,高频客户
C00439,848.0,34,131118.08,VIP
C00440,771.0,19,40357.01,高频客户
C00441,819.0,21,19274.96,高频客户
C00442,858.0,25,47901.29,高频客户
C00443,853.0,11,12211.12,活跃客户
C00444,764.0,24,76437.9,VIP
C00445,785.0,21,28592.21,高频客户
C00446,763.0,21,61517.39,VIP
C00447,770.0,17,40708.39,高频客户
C00448,832.0,27,50401.18,VIP
C00449,773.0,24,62309.72,VIP
C00450,786.0,23,64805.23,VIP
C00451,791.0,16,29512.69,高频客户
C00452,641.0,15,54780.85,VIP
C00453,848.0,27,128397.37,VIP
C00454,730.0,21,37308.23,高频客户
C00455,850.0,25,66640.88,VIP
C00456,796.0,23,44738.48,高频客户
C00457,843.0,24,56232.28,VIP
C00458,811.0,23,65569.26,VIP
C00459,667.0,17,34362.14,高频客户
C00460,730.0,20,60277.85,VIP
C00461,760.0,16,55595.48,VIP
C00462,778.0,20,38315.5,高频客户
C00463,749.0,17,33643.72,高频客户
C00464,811.0,22,61586.47,VIP
C00465,793.0,25,59353.81,VIP
C00466,832.0,28,106794.28,VIP
C00467,644.0,15,41042.06,高频客户
C00468,835.0,25,74402.54,VIP
C00469,737.0,14,27199.82,高频客户
C00470,769.0,21,58380.8,VIP
C00471,798.0,19,30855.22,高频客户
C00472,738.0,28,66830.91,VIP
C00473,696.0,24,76117.82,VIP
C00474,705.0,13,28695.4,高频客户
C00475,819.0,23,32553.4,高频客户
C00476,774.0,22,42433.16,高频客户
C00477,694.0,25,86071.55,VIP
C00478,816.0,27,60717.22,VIP
C00479,847.0,25,81194.36,VIP
C00480,737.0,16,35946.26,高频客户
C00481,838.0,14,34975.16,高频客户
C00482,592.0,10,16314.33,高频客户
C00483,792.0,16,27937.53,高频客户
C00484,805.0,23,33480.61,高频客户
C00485,739.0,27,64593.92,VIP
C00486,852.0,27,78763.33,VIP
C00487,761.0,20,53246.86,VIP
C00488,787.0,13,34834.36,高频客户
C00489,774.0,15,34784.82,高频客户
C00490,827.0,21,64133.86,VIP
C00491,842.0,20,48306.36,高频客户
C00492,744.0,27,63600.89,VIP
C00493,788.0,16,38371.85,高频客户
C00494,731.0,23,94242.14,VIP
C00495,873.0,25,66129.12,VIP
C00496,793.0,25,82623.38,VIP
C00497,733.0,23,68927.65,VIP
C00498,870.0,20,21056.68,高频客户
C00499,839.0,19,77242.04,VIP
C00500,815.0,28,69856.2,VIP
C00501,815.0,21,48136.5,高频客户
C00502,867.0,21,61059.07,VIP
C00503,761.0,27,87668.37,VIP
C00504,816.0,21,40460.34,高频客户
C00505,716.0,26,58158.28,VIP
C00506,838.0,17,67929.52,VIP
C00507,728.0,17,30376.67,高频客户
C00508,824.0,12,18404.61,高频客户
C00509,748.0,19,32808.42,高频客户
C00510,871.0,24,53823.38,VIP
C00511,809.0,26,70032.13,VIP
C00512,751.0,33,102113.77,VIP
C00513,698.0,17,49818.94,高频客户
C00514,770.0,19,24032.17,高频客户
C00515,766.0,18,23502.54,高频客户
C00516,852.0,20,23712.13,高频客户
C00517,667.0,18,47014.61,高频客户
C00518,809.0,18,48123.27,高频客户
C00519,867.0,20,30883.4,高频客户
C00520,774.0,21,64705.36,VIP
C00521,804.0,19,46853.05,高频客户
C00522,853.0,21,43851.84,高频客户
C00523,674.0,16,29503.27,高频客户
C00524,857.0,30,73609.51,VIP
C00525,814.0,24,78391.21,VIP
C00526,691.0,20,49283.93,高频客户
C00527,826.0,28,44322.36,高频客户
C00528,699.0,22,30108.26,高频客户
C00529,810.0,17,44566.7,高频客户
C00530,732.0,14,32040.11,高频客户
C00531,807.0,17,41574.76,高频客户
C00532,760.0,25,85745.69,VIP
C00533,858.0,19,26030.74,高频客户
C00534,865.0,26,71219.03,VIP
C00535,853.0,20,29758.75,高频客户
C00536,781.0,29,75278.78,VIP
C00537,831.0,22,34816.54,高频客户
C00538,808.0,17,52702.98,VIP
C00539,852.0,19,65997.77,VIP
C00540,839.0,22,78945.15,VIP
C00541,842.0,23,37100.43,高频客户
C00542,836.0,29,83249.04,VIP
C00543,706.0,14,65206.64,VIP
C00544,867.0,29,64845.29,VIP
C00545,691.0,16,31628.16,高频客户
C00546,785.0,23,33436.44,高频客户
C00547,766.0,22,51423.42,VIP
C00548,793.0,20,51218.57,VIP
C00549,796.0,13,54058.32,VIP
C00550,754.0,25,40392.36,高频客户
C00551,808.0,20,46488.73,高频客户
C00552,644.0,17,51891.14,VIP
C00553,628.0,19,46455.64,高频客户
C00554,742.0,17,57829.21,VIP
C00555,813.0,29,52781.3,VIP
C00556,662.0,24,56273.82,VIP
C00557,806.0,19,67031.79,VIP
C00558,799.0,13,32852.85,高频客户
C00559,753.0,19,27858.92,高频客户
C00560,723.0,21,37116.32,高频客户
C00561,810.0,18,53604.2,VIP
C00562,756.0,18,34538.21,高频客户
C00563,760.0,29,37877.95,高频客户
C00564,749.0,16,39706.37,高频客户
C00565,814.0,20,70367.55,VIP
C00566,857.0,15,30228.34,高频客户
C00567,844.0,23,65371.66,VIP
C00568,781.0,18,55767.19,VIP
C00569,861.0,32,115105.93,VIP
C00570,867.0,20,44304.8,高频客户
C00571,729.0,21,73195.24,VIP
C00572,859.0,19,52561.13,VIP
C00573,661.0,18,24470.78,高频客户
C00574,769.0,23,38165.35,高频客户
C00575,799.0,24,53152.02,VIP
C00576,843.0,23,82860.11,VIP
C00577,770.0,18,37373.09,高频客户
C00578,837.0,22,70531.2,VIP
C00579,477.0,14,22410.12,高频客户
C00580,835.0,16,73119.95,VIP
C00581,767.0,21,34755.98,高频客户
C00582,846.0,14,24959.32,高频客户
C00583,737.0,14,18431.15,高频客户
C00584,640.0,13,42481.77,高频客户
C00585,793.0,23,56503.97,VIP
C00586,839.0,13,47775.02,高频客户
C00587,726.0,20,37381.88,高频客户
C00588,666.0,13,14851.37,活跃客户
C00589,816.0,15,27998.58,高频客户
C00590,763.0,12,20562.94,高频客户
C00591,851.0,23,56833.54,VIP
C00592,812.0,22,41756.02,高频客户
C00593,753.0,19,40858.02,高频客户
C00594,837.0,23,75049.61,VIP
C00595,810.0,27,60995.08,VIP
C00596,852.0,28,89325.17,VIP
C00597,861.0,19,41059.58,高频客户
C00598,745.0,15,12335.7,活跃客户
C00599,856.0,25,89909.64,VIP
C00600,855.0,20,44329.4,高频客户
C00601,811.0,16,23077.21,高频客户
C00602,839.0,29,70033.61,VIP
C00603,680.0,14,45440.34,高频客户
C00604,809.0,24,63202.01,VIP
C00605,812.0,19,53338.22,VIP
C00606,767.0,18,54547.43,VIP
C00607,813.0,23,47736.42,高频客户
C00608,575.0,15,41633.96,高频客户
C00609,823.0,17,27670.08,高频客户
C00610,854.0,24,44597.14,高频客户
C00611,796.0,22,76024.49,VIP
C00612,773.0,19,39982.11,高频客户
C00613,793.0,15,24081.65,高频客户
C00614,845.0,25,37484.06,高频客户
C00615,761.0,16,63122.71,VIP
C00616,781.0,24,65836.4,VIP
C00617,660.0,14,36491.17,高频客户
C00618,733.0,22,58982.94,VIP
C00619,831.0,21,30925.93,高频客户
C00620,727.0,20,52659.26,VIP
C00621,832.0,25,85970.84,VIP
C00622,870.0,24,41730.96,高频客户
C00623,866.0,26,85772.25,VIP
C00624,868.0,26,51130.09,VIP
C00625,741.0,19,42464.35,高频客户
C00626,825.0,21,52512.58,VIP
C00627,635.0,18,56134.79,VIP
C00628,815.0,27,84271.52,VIP
C00629,765.0,23,45395.46,高频客户
C00630,777.0,24,47228.23,高频客户
C00631,813.0,27,87049.73,VIP
C00632,844.0,23,83547.56,VIP
C00633,770.0,19,36832.77,高频客户
C00634,787.0,27,51135.71,VIP
C00635,844.0,30,59170.82,VIP
C00636,728.0,24,62571.11,VIP
C00637,683.0,23,51579.96,VIP
C00638,596.0,16,42050.48,高频客户
C00639,821.0,21,64327.14,VIP
C00640,745.0,27,77806.74,VIP
C00641,805.0,19,34143.79,高频客户
C00642,693.0,19,52477.77,VIP
C00643,830.0,24,72091.98,VIP
C00644,854.0,16,33209.48,高频客户
C00645,802.0,18,21801.38,高频客户
C00646,717.0,13,42365.33,高频客户
C00647,876.0,17,27752.25,高频客户
C00648,858.0,21,80301.88,VIP
C00649,564.0,14,16489.58,高频客户
C00650,736.0,24,104959.48,VIP
C00651,813.0,22,33233.09,高频客户
C00652,669.0,25,49273.89,高频客户
C00653,778.0,19,50057.15,VIP
C00654,820.0,19,37487.92,高频客户
C00655,767.0,20,37359.77,高频客户
C00656,741.0,15,33742.19,高频客户
C00657,869.0,25,71872.6,VIP
C00658,876.0,23,45814.55,高频客户
C00659,652.0,22,46997.87,高频客户
C00660,851.0,22,46078.38,高频客户
C00661,864.0,29,55876.94,VIP
C00662,841.0,25,48906.27,高频客户
C00663,774.0,16,31432.48,高频客户
C00664,772.0,18,36725.14,高频客户
C00665,814.0,25,92949.08,VIP
C00666,742.0,21,48392.5,高频客户
C00667,821.0,24,52740.86,VIP
C00668,828.0,22,49018.61,高频客户
C00669,816.0,20,47136.52,高频客户
C00670,786.0,24,46364.6,高频客户
C00671,866.0,24,51006.7,VIP
C00672,749.0,11,20513.95,高频客户
C00673,825.0,13,29628.47,高频客户
C00674,813.0,17,43842.47,高频客户
C00675,761.0,17,39776.33,高频客户
C00676,711.0,18,40400.23,高频客户
C00677,846.0,26,58052.05,VIP
C00678,865.0,19,28508.64,高频客户
C00679,754.0,20,70354.05,VIP
C00680,652.0,19,35109.85,高频客户
C00681,769.0,19,38909.32,高频客户
C00682,622.0,20,81622.3,VIP
C00683,650.0,17,56179.85,VIP
C00684,661.0,21,42879.92,高频客户
C00685,784.0,16,41078.11,高频客户
C00686,694.0,21,81505.66,VIP
C00687,786.0,13,28205.39,高频客户
C00688,867.0,18,45741.51,高频客户
C00689,819.0,22,68823.17,VIP
C00690,795.0,18,84764.4,VIP
C00691,814.0,23,53781.34,VIP
C00692,848.0,27,96120.47,VIP
C00693,754.0,32,48006.32,高频客户
C00694,856.0,20,41924.53,高频客户
C00695,781.0,22,61202.55,VIP
C00696,703.0,11,61863.57,VIP
C00697,771.0,21,65090.39,VIP
C00698,827.0,24,69492.88,VIP
C00699,858.0,26,41098.29,高频客户
C00700,810.0,23,59958.62,VIP
C00701,792.0,27,66640.12,VIP
C00702,782.0,15,26372.46,高频客户
C00703,870.0,21,56741.26,VIP
C00704,735.0,16,41172.0,高频客户
C00705,782.0,30,50634.5,VIP
C00706,729.0,17,31658.44,高频客户
C00707,726.0,24,46789.33,高频客户
C00708,665.0,20,31317.25,高频客户
C00709,711.0,18,52609.48,VIP
C00710,865.0,19,40930.01,高频客户
C00711,848.0,20,62635.28,VIP
C00712,777.0,20,27180.9,高频客户
C00713,762.0,17,34457.52,高频客户
C00714,839.0,12,38717.73,高频客户
C00715,853.0,20,44153.71,高频客户
C00716,748.0,15,20574.82,高频客户
C00717,739.0,15,44356.89,高频客户
C00718,827.0,32,71295.87,VIP
C00719,857.0,20,73206.86,VIP
C00720,812.0,21,40946.05,高频客户
C00721,862.0,17,32339.31,高频客户
C00722,834.0,25,50469.29,VIP
C00723,788.0,19,58299.53,VIP
C00724,705.0,21,44708.78,高频客户
C00725,778.0,26,38646.21,高频客户
C00726,786.0,17,40503.85,高频客户
C00727,812.0,19,44439.0,高频客户
C00728,744.0,21,31092.75,高频客户
C00729,832.0,17,55824.47,VIP
C00730,873.0,16,35686.22,高频客户
C00731,756.0,15,58667.25,VIP
C00732,787.0,21,39954.46,高频客户
C00733,854.0,25,73321.21,VIP
C00734,853.0,21,20602.61,高频客户
C00735,842.0,27,35832.25,高频客户
C00736,713.0,20,36944.15,高频客户
C00737,866.0,25,49336.6,高频客户
C00738,779.0,18,28168.93,高频客户
C00739,760.0,18,53208.28,VIP
C00740,791.0,26,40925.89,高频客户
C00741,847.0,24,57629.37,VIP
C00742,853.0,26,118554.21,VIP
C00743,649.0,8,15143.09,高频客户
C00744,743.0,23,59532.26,VIP
C00745,824.0,29,95234.46,VIP
C00746,851.0,27,72705.08,VIP
C00747,730.0,18,50157.65,VIP
C00748,844.0,23,39981.38,高频客户
C00749,736.0,18,51076.06,VIP
C00750,797.0,25,78804.61,VIP
C00751,755.0,11,29943.68,高频客户
C00752,868.0,31,46228.23,高频客户
C00753,824.0,20,47673.29,高频客户
C00754,724.0,15,21707.35,高频客户
C00755,769.0,29,106111.72,VIP
C00756,722.0,12,47054.58,高频客户
C00757,836.0,25,33209.06,高频客户
C00758,833.0,29,57385.27,VIP
C00759,846.0,26,78990.85,VIP
C00760,722.0,18,43103.06,高频客户
C00761,877.0,20,87415.96,VIP
C00762,686.0,13,36799.03,高频客户
C00763,789.0,22,49080.06,高频客户
C00764,747.0,22,35165.11,高频客户
C00765,667.0,21,66008.72,VIP
C00766,689.0,17,50888.49,VIP
C00767,872.0,24,87222.87,VIP
C00768,856.0,20,34659.94,高频客户
C00769,728.0,25,42895.44,高频客户
C00770,810.0,20,53587.98,VIP
C00771,806.0,22,67710.05,VIP
C00772,868.0,25,45183.02,高频客户
C00773,788.0,27,91562.72,VIP
C00774,781.0,17,30374.24,高频客户
C00775,792.0,20,24789.33,高频客户
C00776,749.0,14,62563.6,VIP
C00777,837.0,28,64001.64,VIP
C00778,831.0,20,30651.86,高频客户
C00779,723.0,22,47618.67,高频客户
C00780,744.0,25,58449.2,VIP
C00781,821.0,35,91816.01,VIP
C00782,770.0,21,48275.24,高频客户
C00783,724.0,16,42150.04,高频客户
C00784,764.0,20,56226.05,VIP
C00785,859.0,29,85781.01,VIP
C00786,796.0,23,62290.9,VIP
C00787,806.0,19,63650.91,VIP
C00788,808.0,26,63666.78,VIP
C00789,859.0,29,78274.15,VIP
C00790,754.0,20,38661.82,高频客户
C00791,714.0,26,59705.4,VIP
C00792,736.0,15,34644.92,高频客户
C00793,850.0,22,76089.76,VIP
C00794,768.0,13,40970.73,高频客户
C00795,875.0,24,63043.78,VIP
C00796,704.0,15,72144.13,VIP
C00797,806.0,22,86751.16,VIP
C00798,839.0,20,47338.77,高频客户
C00799,849.0,22,34608.57,高频客户
C00800,797.0,27,64833.53,VIP
C00801,791.0,16,18248.99,高频客户
C00802,661.0,15,33214.03,高频客户
C00803,766.0,17,44017.94,高频客户
C00804,830.0,23,42294.93,高频客户
C00805,844.0,28,65356.03,VIP
C00806,647.0,17,48626.36,高频客户
C00807,683.0,14,32658.76,高频客户
C00808,642.0,17,32449.74,高频客户
C00809,680.0,18,48641.47,高频客户
C00810,852.0,21,45394.09,高频客户
C00811,766.0,22,53203.14,VIP
C00812,784.0,19,39122.66,高频客户
C00813,737.0,23,53833.95,VIP
C00814,571.0,20,71122.99,VIP
C00815,795.0,19,49973.12,高频客户
C00816,720.0,16,37950.47,高频客户
C00817,782.0,22,36637.24,高频客户
C00818,839.0,21,55661.99,VIP
C00819,745.0,24,45487.28,高频客户
C00820,709.0,17,32769.15,高频客户
C00821,761.0,13,26616.38,高频客户
C00822,777.0,23,88157.48,VIP
C00823,651.0,26,100549.41,VIP
C00824,795.0,27,76173.98,VIP
C00825,814.0,23,49422.83,高频客户
C00826,838.0,29,94587.86,VIP
C00827,768.0,26,51582.23,VIP
C00828,757.0,23,68446.23,VIP
C00829,792.0,30,79584.59,VIP
C00830,669.0,20,40265.96,高频客户
C00831,713.0,20,46785.26,高频客户
C00832,846.0,18,49696.43,高频客户
C00833,751.0,19,49608.55,高频客户
C00834,813.0,17,34731.82,高频客户
C00835,774.0,21,46304.19,高频客户
C00836,847.0,19,29739.73,高频客户
C00837,723.0,20,46559.12,高频客户
C00838,801.0,25,65686.63,VIP
C00839,849.0,29,72047.99,VIP
C00840,869.0,18,39657.55,高频客户
C00841,718.0,18,27657.45,高频客户
C00842,730.0,24,49458.2,高频客户
C00843,768.0,21,78643.85,VIP
C00844,761.0,19,32705.5,高频客户
C00845,773.0,24,47409.49,高频客户
C00846,820.0,24,47238.99,高频客户
C00847,817.0,22,35043.84,高频客户
C00848,845.0,31,76816.21,VIP
C00849,824.0,31,76297.93,VIP
C00850,769.0,21,43582.18,高频客户
C00851,847.0,26,58723.27,VIP
C00852,834.0,25,81100.2,VIP
C00853,820.0,18,60879.99,VIP
C00854,853.0,20,64677.09,VIP
C00855,784.0,18,33999.71,高频客户
C00856,862.0,16,35166.37,高频客户
C00857,781.0,27,72113.16,VIP
C00858,739.0,17,44642.74,高频客户
C00859,770.0,24,57015.61,VIP
C00860,715.0,20,69404.4,VIP
C00861,749.0,27,47391.55,高频客户
C00862,779.0,19,73327.73,VIP
C00863,831.0,27,56156.64,VIP
C00864,692.0,32,125360.39,VIP
C00865,862.0,26,90883.28,VIP
C00866,839.0,24,37708.0,高频客户
C00867,836.0,21,54363.48,VIP
C00868,773.0,31,75679.63,VIP
C00869,856.0,24,75290.29,VIP
C00870,825.0,14,17623.67,高频客户
C00871,722.0,21,47912.56,高频客户
C00872,837.0,24,63759.17,VIP
C00873,835.0,18,51090.63,VIP
C00874,793.0,17,37181.13,高频客户
C00875,835.0,16,25033.41,高频客户
C00876,842.0,30,73675.03,VIP
C00877,696.0,22,33524.74,高频客户
C00878,608.0,18,66938.46,VIP
C00879,824.0,22,37293.67,高频客户
C00880,857.0,22,75369.32,VIP
C00881,730.0,20,61224.4,VIP
C00882,836.0,21,53017.88,VIP
C00883,742.0,19,22456.27,高频客户
C00884,665.0,18,52403.94,VIP
C00885,727.0,19,56544.79,VIP
C00886,789.0,21,57695.7,VIP
C00887,749.0,19,39647.86,高频客户
C00888,709.0,17,27000.44,高频客户
C00889,853.0,20,45117.55,高频客户
C00890,843.0,24,79249.77,VIP
C00891,844.0,17,49787.42,高频客户
C00892,806.0,22,82647.73,VIP
C00893,762.0,17,44466.14,高频客户
C00894,857.0,23,73142.59,VIP
C00895,798.0,23,50280.83,VIP
C00896,879.0,25,42190.36,高频客户
C00897,813.0,24,32040.13,高频客户
C00898,724.0,17,37760.27,高频客户
C00899,699.0,11,65148.17,VIP
C00900,742.0,23,46906.24,高频客户
C00901,741.0,19,55844.04,VIP
C00902,802.0,15,34765.49,高频客户
C00903,786.0,16,30656.82,高频客户
C00904,782.0,14,25304.62,高频客户
C00905,798.0,19,40318.25,高频客户
C00906,661.0,19,72469.95,VIP
C00907,812.0,20,33603.56,高频客户
C00908,850.0,17,43740.4,高频客户
C00909,729.0,26,65908.9,VIP
C00910,691.0,15,46053.94,高频客户
C00911,835.0,25,55466.76,VIP
C00912,726.0,20,53506.57,VIP
C00913,835.0,21,64248.74,VIP
C00914,748.0,20,44284.93,高频客户
C00915,798.0,15,25089.49,高频客户
C00916,713.0,19,40552.91,高频客户
C00917,737.0,16,36385.95,高频客户
C00918,736.0,23,61407.35,VIP
C00919,862.0,27,55808.7,VIP
C00920,731.0,26,50571.72,VIP
C00921,869.0,12,22955.94,高频客户
C00922,800.0,34,81695.98,VIP
C00923,817.0,23,66272.89,VIP
C00924,804.0,20,38965.78,高频客户
C00925,848.0,20,76635.63,VIP
C00926,724.0,21,43789.89,高频客户
C00927,837.0,24,73211.65,VIP
C00928,819.0,22,62465.35,VIP
C00929,788.0,24,64827.82,VIP
C00930,839.0,30,51608.5,VIP
C00931,751.0,19,54401.41,VIP
C00932,792.0,23,66914.57,VIP
C00933,839.0,26,98072.48,VIP
C00934,814.0,28,78648.2,VIP
C00935,851.0,20,49346.29,高频客户
C00936,863.0,27,70232.58,VIP
C00937,832.0,15,59060.87,VIP
C00938,785.0,24,70182.22,VIP
C00939,813.0,25,47669.21,高频客户
C00940,866.0,29,63663.47,VIP
C00941,774.0,25,62632.84,VIP
C00942,859.0,28,73776.78,VIP
C00943,805.0,17,49535.54,高频客户
C00944,818.0,14,18153.93,高频客户
C00945,821.0,22,42090.35,高频客户
C00946,769.0,23,60390.2,VIP
C00947,788.0,25,52428.54,VIP
C00948,645.0,15,37174.67,高频客户
C00949,830.0,27,73366.0,VIP
C00950,835.0,25,46116.81,高频客户
C00951,785.0,25,60631.06,VIP
C00952,803.0,22,39009.98,高频客户
C00953,819.0,25,33964.62,高频客户
C00954,843.0,17,35427.5,高频客户
C00955,859.0,34,82169.14,VIP
C00956,874.0,23,30537.22,高频客户
C00957,690.0,17,41583.97,高频客户
C00958,871.0,27,96840.56,VIP
C00959,833.0,20,55702.3,VIP
C00960,746.0,21,41265.95,高频客户
C00961,736.0,22,45545.62,高频客户
C00962,790.0,26,57117.79,VIP
C00963,756.0,30,69426.01,VIP
C00964,825.0,24,72237.64,VIP
C00965,827.0,25,43119.01,高频客户
C00966,782.0,20,40521.97,高频客户
C00967,820.0,21,32814.92,高频客户
C00968,868.0,26,52035.67,VIP
C00969,824.0,20,77229.27,VIP
C00970,718.0,21,44362.36,高频客户
C00971,792.0,28,72575.35,VIP
C00972,856.0,18,49798.52,高频客户
C00973,774.0,27,84835.11,VIP
C00974,821.0,27,36005.22,高频客户
C00975,735.0,24,53504.17,VIP
C00976,879.0,28,58959.94,VIP
C00977,872.0,23,53976.16,VIP
C00978,772.0,22,42220.35,高频客户
C00979,858.0,26,46006.37,高频客户
C00980,737.0,20,50968.73,VIP
C00981,855.0,20,29828.31,高频客户
C00982,837.0,27,72685.44,VIP
C00983,737.0,21,32584.26,高频客户
C00984,814.0,17,30519.48,高频客户
C00985,802.0,25,63784.49,VIP
C00986,744.0,11,7295.12,活跃客户
C00987,666.0,20,54177.75,VIP
C00988,840.0,22,39385.23,高频客户
C00989,765.0,21,49582.37,高频客户
C00990,829.0,15,21449.33,高频客户
C00991,852.0,32,81204.64,VIP
C00992,728.0,18,93995.49,VIP
C00993,813.0,22,50370.77,VIP
C00994,685.0,18,30775.62,高频客户
C00995,817.0,20,66948.47,VIP
C00996,813.0,15,34861.58,高频客户
C00997,847.0,24,52149.99,VIP
C00998,830.0,24,49679.66,高频客户
C00999,736.0,15,37797.04,高频客户
C01000,827.0,26,71457.66,VIP
C01001,824.0,18,59582.67,VIP
C01002,807.0,22,92948.33,VIP
C01003,852.0,23,99290.13,VIP
C01004,819.0,28,81324.66,VIP
C01005,809.0,19,73560.2,VIP
C01006,775.0,14,45102.94,高频客户
C01007,721.0,14,27386.1,高频客户
C01008,763.0,23,61296.89,VIP
C01009,855.0,20,46141.32,高频客户
C01010,804.0,19,61336.2,VIP
C01011,636.0,21,30224.51,高频客户
C01012,848.0,19,56778.07,VIP
C01013,829.0,14,41412.8,高频客户
C01014,810.0,15,9923.18,活跃客户
C01015,585.0,16,50748.19,VIP
C01016,816.0,13,52683.72,VIP
C01017,865.0,27,42785.09,高频客户
C01018,853.0,19,48170.21,高频客户
C01019,852.0,23,57173.95,VIP
C01020,818.0,23,31663.57,高频客户
C01021,866.0,25,40537.04,高频客户
C01022,820.0,24,31583.96,高频客户
C01023,839.0,18,71092.6,VIP
C01024,820.0,22,58102.91,VIP
C01025,789.0,26,65091.8,VIP
C01026,558.0,17,37790.96,高频客户
C01027,857.0,18,53715.99,VIP
C01028,862.0,24,65344.12,VIP
C01029,842.0,25,75807.3,VIP
C01030,836.0,21,35284.67,高频客户
C01031,709.0,11,28352.94,高频客户
C01032,768.0,27,47807.93,高频客户
C01033,774.0,17,37953.93,高频客户
C01034,860.0,20,34536.82,高频客户
C01035,837.0,17,41806.48,高频客户
C01036,835.0,21,64189.29,VIP
C01037,745.0,22,73297.96,VIP
C01038,842.0,19,42078.66,高频客户
C01039,851.0,18,35164.03,高频客户
C01040,719.0,29,81323.3,VIP
C01041,810.0,23,71831.28,VIP
C01042,843.0,26,56446.13,VIP
C01043,825.0,35,79805.84,VIP
C01044,790.0,19,62283.27,VIP
C01045,789.0,29,91631.37,VIP
C01046,770.0,17,84529.8,VIP
C01047,779.0,19,79622.81,VIP
C01048,665.0,19,51402.45,VIP
C01049,807.0,21,76698.89,VIP
C01050,796.0,15,37987.79,高频客户
C01051,877.0,27,54162.92,VIP
C01052,827.0,22,56769.3,VIP
C01053,724.0,17,50974.25,VIP
C01054,745.0,18,24406.18,高频客户
C01055,861.0,25,65783.76,VIP
C01056,843.0,19,41335.17,高频客户
C01057,879.0,20,38419.51,高频客户
C01058,854.0,23,52415.45,VIP
C01059,743.0,17,60973.27,VIP
C01060,813.0,16,33047.38,高频客户
C01061,750.0,19,41234.31,高频客户
C01062,821.0,11,42568.09,高频客户
C01063,806.0,17,30803.8,高频客户
C01064,757.0,15,72858.84,VIP
C01065,847.0,32,89300.57,VIP
C01066,811.0,24,26864.97,高频客户
C01067,807.0,9,40839.35,高频客户
C01068,814.0,21,58475.87,VIP
C01069,820.0,13,31896.18,高频客户
C01070,736.0,17,40461.01,高频客户
C01071,683.0,22,41695.24,高频客户
C01072,841.0,16,39030.0,高频客户
C01073,753.0,29,59706.84,VIP
C01074,705.0,25,52711.24,VIP
C01075,600.0,19,71580.97,VIP
C01076,755.0,21,54826.76,VIP
C01077,636.0,22,49425.76,高频客户
C01078,721.0,25,41852.47,高频客户
C01079,852.0,25,58282.15,VIP
C01080,715.0,12,19598.7,高频客户
C01081,856.0,20,32178.36,高频客户
C01082,841.0,24,51170.52,VIP
C01083,845.0,19,20505.58,高频客户
C01084,864.0,24,29652.24,高频客户
C01085,732.0,23,86737.98,VIP
C01086,854.0,31,60675.76,VIP
C01087,840.0,22,45145.4,高频客户
C01088,799.0,25,48191.38,高频客户
C01089,769.0,16,64196.98,VIP
C01090,777.0,14,25124.55,高频客户
C01091,832.0,26,71807.82,VIP
C01092,799.0,24,63392.47,VIP
C01093,869.0,26,39411.07,高频客户
C01094,874.0,25,59582.99,VIP
C01095,857.0,30,78678.52,VIP
C01096,706.0,15,48867.32,高频客户
C01097,692.0,20,43765.68,高频客户
C01098,799.0,28,101996.35,VIP
C01099,838.0,28,43641.32,高频客户
C01100,793.0,19,57661.95,VIP
C01101,594.0,22,47463.65,高频客户
C01102,769.0,21,22645.22,高频客户
C01103,768.0,19,40030.85,高频客户
C01104,791.0,17,46442.52,高频客户
C01105,873.0,26,56884.99,VIP
C01106,669.0,24,41404.9,高频客户
C01107,783.0,33,94845.3,VIP
C01108,724.0,13,19008.54,高频客户
C01109,778.0,19,34633.9,高频客户
C01110,836.0,26,44496.21,高频客户
C01111,854.0,21,30265.0,高频客户
C01112,819.0,16,67315.76,VIP
C01113,785.0,25,59303.95,VIP
C01114,776.0,22,72148.46,VIP
C01115,833.0,15,10879.46,活跃客户
C01116,831.0,22,40720.38,高频客户
C01117,868.0,21,71964.25,VIP
C01118,796.0,30,66439.68,VIP
C01119,840.0,20,41949.64,高频客户
C01120,757.0,24,78911.63,VIP
C01121,716.0,19,52278.6,VIP
C01122,814.0,22,62192.36,VIP
C01123,772.0,26,62265.41,VIP
C01124,772.0,26,32173.24,高频客户
C01125,741.0,23,39898.4,高频客户
C01126,664.0,16,14336.31,活跃客户
C01127,825.0,18,41846.58,高频客户
C01128,824.0,18,28583.12,高频客户
C01129,721.0,24,51817.14,VIP
C01130,830.0,15,32068.58,高频客户
C01131,775.0,21,36418.62,高频客户
C01132,787.0,22,67238.84,VIP
C01133,871.0,17,19485.4,高频客户
C01134,698.0,25,65572.65,VIP
C01135,857.0,24,48872.86,高频客户
C01136,833.0,24,54009.53,VIP
C01137,835.0,24,55054.34,VIP
C01138,820.0,22,39707.36,高频客户
C01139,730.0,15,26495.05,高频客户
C01140,823.0,18,65778.35,VIP
C01141,825.0,19,44078.16,高频客户
C01142,772.0,25,82962.52,VIP
C01143,810.0,25,42420.62,高频客户
C01144,761.0,18,26019.11,高频客户
C01145,767.0,23,51499.98,VIP
C01146,794.0,25,105289.12,VIP
C01147,778.0,18,34090.95,高频客户
C01148,708.0,24,42562.51,高频客户
C01149,844.0,22,60187.1,VIP
C01150,780.0,16,57298.81,VIP
C01151,787.0,19,27589.95,高频客户
C01152,790.0,24,98268.06,VIP
C01153,845.0,18,38859.83,高频客户
C01154,860.0,20,52378.14,VIP
C01155,748.0,23,54343.74,VIP
C01156,787.0,31,70083.32,VIP
C01157,799.0,23,26478.75,高频客户
C01158,730.0,29,78343.99,VIP
C01159,859.0,19,42060.89,高频客户
C01160,832.0,22,41981.26,高频客户
C01161,753.0,15,48986.65,高频客户
C01162,823.0,25,46093.4,高频客户
C01163,727.0,27,65052.56,VIP
C01164,734.0,20,59500.75,VIP
C01165,877.0,18,51682.03,VIP
C01166,529.0,18,55705.3,VIP
C01167,661.0,17,27893.34,高频客户
C01168,806.0,22,55067.94,VIP
C01169,708.0,23,44091.78,高频客户
C01170,799.0,22,50650.71,VIP
C01171,796.0,19,58723.08,VIP
C01172,845.0,22,35872.06,高频客户
C01173,790.0,19,34468.57,高频客户
C01174,726.0,23,72037.62,VIP
C01175,873.0,24,60633.84,VIP
C01176,798.0,25,39684.72,高频客户
C01177,878.0,29,90142.42,VIP
C01178,772.0,13,17453.85,高频客户
C01179,838.0,27,69099.15,VIP
C01180,841.0,16,64177.15,VIP
C01181,841.0,20,39912.9,高频客户
C01182,813.0,28,52162.57,VIP
C01183,684.0,22,59582.24,VIP
C01184,790.0,21,53708.22,VIP
C01185,835.0,19,73688.19,VIP
C01186,707.0,18,21226.4,高频客户
C01187,859.0,25,74314.08,VIP
C01188,787.0,18,26707.15,高频客户
C01189,811.0,26,45639.63,高频客户
C01190,793.0,23,57334.43,VIP
C01191,861.0,16,40834.12,高频客户
C01192,769.0,28,59003.63,VIP
C01193,822.0,25,48464.17,高频客户
C01194,826.0,14,26111.2,高频客户
C01195,826.0,20,29504.33,高频客户
C01196,779.0,25,111421.91,VIP
C01197,769.0,22,74626.21,VIP
C01198,773.0,23,69008.13,VIP
C01199,721.0,25,50265.59,VIP
C01200,797.0,21,42030.47,高频客户
C01201,852.0,21,53843.83,VIP
C01202,846.0,19,33647.18,高频客户
C01203,838.0,25,45315.01,高频客户
C01204,832.0,31,98222.02,VIP
C01205,839.0,15,32744.06,高频客户
C01206,638.0,18,27180.62,高频客户
C01207,770.0,21,31836.39,高频客户
C01208,835.0,35,122210.08,VIP
C01209,778.0,18,25728.39,高频客户
C01210,860.0,21,62478.1,VIP
C01211,620.0,11,14542.04,活跃客户
C01212,774.0,24,54458.9,VIP
C01213,794.0,23,60055.48,VIP
C01214,859.0,23,42697.15,高频客户
C01215,625.0,24,56574.92,VIP
C01216,834.0,22,72959.06,VIP
C01217,779.0,20,34906.83,高频客户
C01218,606.0,16,45105.85,高频客户
C01219,803.0,27,75452.55,VIP
C01220,749.0,18,69971.62,VIP
C01221,846.0,26,53975.32,VIP
C01222,805.0,16,81997.05,VIP
C01223,612.0,19,33718.84,高频客户
C01224,779.0,14,23984.57,高频客户
C01225,784.0,21,44979.35,高频客户
C01226,867.0,29,93253.3,VIP
C01227,767.0,16,40509.12,高频客户
C01228,817.0,19,32072.13,高频客户
C01229,789.0,17,29674.6,高频客户
C01230,783.0,22,67131.94,VIP
C01231,819.0,22,54462.68,VIP
C01232,835.0,16,26005.85,高频客户
C01233,676.0,20,72825.49,VIP
C01234,807.0,14,33295.11,高频客户
C01235,795.0,25,70014.73,VIP
C01236,765.0,22,58916.72,VIP
C01237,844.0,12,39694.41,高频客户
C01238,767.0,21,61220.0,VIP
C01239,553.0,20,29156.81,高频客户
C01240,822.0,21,46368.46,高频客户
C01241,742.0,19,50331.09,VIP
C01242,719.0,19,44657.97,高频客户
C01243,781.0,23,31352.9,高频客户
C01244,830.0,20,41948.14,高频客户
C01245,746.0,19,46621.15,高频客户
C01246,804.0,24,55680.02,VIP
C01247,709.0,24,70600.55,VIP
C01248,812.0,19,56415.21,VIP
C01249,851.0,18,48923.64,高频客户
C01250,844.0,25,54690.95,VIP
C01251,767.0,19,31185.62,高频客户
C01252,776.0,26,117725.92,VIP
C01253,830.0,26,85727.79,VIP
C01254,842.0,22,38984.09,高频客户
C01255,811.0,19,60087.7,VIP
C01256,682.0,22,52893.98,VIP
C01257,875.0,25,43976.81,高频客户
C01258,837.0,18,20590.0,高频客户
C01259,796.0,22,51605.1,VIP
C01260,847.0,30,42341.04,高频客户
C01261,836.0,25,61701.28,VIP
C01262,707.0,22,60092.95,VIP
C01263,826.0,19,33001.59,高频客户
C01264,822.0,24,69085.46,VIP
C01265,817.0,19,69029.98,VIP
C01266,752.0,21,51444.89,VIP
C01267,834.0,16,68164.2,VIP
C01268,809.0,22,52649.51,VIP
C01269,822.0,32,80438.05,VIP
C01270,716.0,21,34153.69,高频客户
C01271,872.0,17,25163.21,高频客户
C01272,730.0,19,25093.66,高频客户
C01273,830.0,24,94661.37,VIP
C01274,809.0,16,65211.75,VIP
C01275,846.0,21,56194.42,VIP
C01276,788.0,15,84369.17,VIP
C01277,825.0,29,69352.57,VIP
C01278,858.0,20,51629.9,VIP
C01279,619.0,19,35084.17,高频客户
C01280,706.0,19,69616.53,VIP
C01281,787.0,24,83245.22,VIP
C01282,790.0,18,75693.13,VIP
C01283,850.0,17,29509.1,高频客户
C01284,626.0,20,42545.08,高频客户
C01285,772.0,14,23831.44,高频客户
C01286,636.0,11,41971.7,高频客户
C01287,766.0,24,47733.63,高频客户
C01288,832.0,15,73503.56,VIP
C01289,773.0,19,69299.68,VIP
C01290,813.0,13,17798.78,高频客户
C01291,585.0,16,51526.46,VIP
C01292,789.0,21,55757.44,VIP
C01293,865.0,27,75894.45,VIP
C01294,708.0,14,27517.89,高频客户
C01295,821.0,23,35260.58,高频客户
C01296,813.0,24,71105.77,VIP
C01297,695.0,22,45577.68,高频客户
C01298,638.0,10,18612.57,高频客户
C01299,781.0,22,42625.68,高频客户
C01300,815.0,21,76690.85,VIP
C01301,709.0,13,70430.23,VIP
C01302,747.0,26,65974.68,VIP
C01303,836.0,28,56209.32,VIP
C01304,855.0,13,23358.52,高频客户
C01305,752.0,14,13960.56,活跃客户
C01306,756.0,18,44492.28,高频客户
C01307,649.0,13,23574.05,高频客户
C01308,877.0,21,52760.14,VIP
C01309,786.0,31,82275.98,VIP
C01310,800.0,31,68268.09,VIP
C01311,751.0,23,74493.26,VIP
C01312,784.0,26,60545.1,VIP
C01313,727.0,20,39256.78,高频客户
C01314,821.0,17,45054.74,高频客户
C01315,859.0,25,62976.97,VIP
C01316,839.0,17,62621.31,VIP
C01317,795.0,17,46638.77,高频客户
C01318,805.0,22,63743.74,VIP
C01319,711.0,11,40675.36,高频客户
C01320,729.0,20,61873.07,VIP
C01321,717.0,23,74278.13,VIP
C01322,779.0,15,57133.75,VIP
C01323,838.0,14,26242.24,高频客户
C01324,782.0,18,39796.23,高频客户
C01325,861.0,25,68837.03,VIP
C01326,780.0,27,42988.02,高频客户
C01327,686.0,23,32401.16,高频客户
C01328,829.0,26,63693.26,VIP
C01329,826.0,26,77545.56,VIP
C01330,799.0,28,46533.13,高频客户
C01331,771.0,25,96916.5,VIP
C01332,813.0,22,66055.91,VIP
C01333,713.0,13,23094.14,高频客户
C01334,705.0,17,33925.75,高频客户
C01335,735.0,23,66307.32,VIP
C01336,742.0,24,76916.39,VIP
C01337,787.0,18,41988.11,高频客户
C01338,596.0,12,26161.97,高频客户
C01339,827.0,21,34243.41,高频客户
C01340,737.0,19,64989.86,VIP
C01341,828.0,13,55562.54,VIP
C01342,776.0,21,34643.5,高频客户
C01343,801.0,25,72174.29,VIP
C01344,742.0,20,49269.38,高频客户
C01345,863.0,32,77332.71,VIP
C01346,765.0,16,13178.79,活跃客户
C01347,875.0,24,68914.93,VIP
C01348,798.0,26,61012.01,VIP
C01349,838.0,23,58742.0,VIP
C01350,836.0,23,55782.04,VIP
C01351,719.0,14,20936.92,高频客户
C01352,810.0,27,81547.33,VIP
C01353,830.0,19,40173.75,高频客户
C01354,759.0,27,90801.13,VIP
C01355,810.0,16,51072.18,VIP
C01356,857.0,24,46002.33,高频客户
C01357,747.0,13,48321.77,高频客户
C01358,805.0,21,32398.12,高频客户
C01359,863.0,18,24812.68,高频客户
C01360,789.0,23,69279.98,VIP
C01361,835.0,21,46824.84,高频客户
C01362,777.0,28,94490.95,VIP
C01363,817.0,21,51666.12,VIP
C01364,822.0,26,61850.62,VIP
C01365,623.0,25,50908.15,VIP
C01366,762.0,25,59115.85,VIP
C01367,835.0,19,53826.91,VIP
C01368,749.0,18,50487.67,VIP
C01369,707.0,17,29458.45,高频客户
C01370,776.0,20,90645.09,VIP
C01371,860.0,18,42329.93,高频客户
C01372,843.0,26,76727.58,VIP
C01373,804.0,17,42651.58,高频客户
C01374,817.0,28,60412.48,VIP
C01375,857.0,20,35549.65,高频客户
C01376,826.0,22,34325.64,高频客户
C01377,834.0,21,43322.85,高频客户
C01378,715.0,18,76826.89,VIP
C01379,797.0,26,71796.56,VIP
C01380,748.0,18,35310.32,高频客户
C01381,776.0,26,56363.73,VIP
C01382,759.0,20,22163.64,高频客户
C01383,582.0,11,14639.93,活跃客户
C01384,858.0,14,23814.45,高频客户
C01385,853.0,25,54022.12,VIP
C01386,815.0,28,39645.08,高频客户
C01387,816.0,22,32852.7,高频客户
C01388,856.0,25,101694.02,VIP
C01389,771.0,16,31064.55,高频客户
C01390,847.0,26,77975.04,VIP
C01391,741.0,24,61500.65,VIP
C01392,777.0,19,71983.13,VIP
C01393,853.0,21,30981.25,高频客户
C01394,818.0,19,46876.36,高频客户
C01395,749.0,20,64949.55,VIP
C01396,609.0,13,20328.72,高频客户
C01397,797.0,19,47016.79,高频客户
C01398,816.0,31,67418.23,VIP
C01399,615.0,16,41768.75,高频客户
C01400,831.0,28,76823.89,VIP
C01401,730.0,19,70871.7,VIP
C01402,874.0,17,33174.14,高频客户
C01403,817.0,20,46041.03,高频客户
C01404,797.0,17,55888.18,VIP
C01405,853.0,21,47132.45,高频客户
C01406,797.0,26,71577.13,VIP
C01407,731.0,20,59420.22,VIP
C01408,859.0,27,50744.14,VIP
C01409,793.0,24,57238.96,VIP
C01410,791.0,23,44565.23,高频客户
C01411,797.0,22,39680.01,高频客户
C01412,837.0,23,49872.55,高频客户
C01413,829.0,22,28960.08,高频客户
C01414,646.0,21,54051.74,VIP
C01415,848.0,20,66976.04,VIP
C01416,701.0,22,39152.12,高频客户
C01417,866.0,23,53295.23,VIP
C01418,851.0,23,65644.21,VIP
C01419,768.0,20,37584.34,高频客户
C01420,826.0,22,50603.52,VIP
C01421,828.0,27,53409.04,VIP
C01422,778.0,21,50768.94,VIP
C01423,587.0,20,52275.41,VIP
C01424,864.0,30,54862.56,VIP
C01425,815.0,23,46296.33,高频客户
C01426,826.0,21,77774.48,VIP
C01427,786.0,13,49194.67,高频客户
C01428,631.0,18,46083.08,高频客户
C01429,779.0,33,71003.08,VIP
C01430,629.0,14,23709.77,高频客户
C01431,816.0,24,63290.26,VIP
C01432,735.0,23,43856.29,高频客户
C01433,841.0,31,104179.61,VIP
C01434,861.0,24,60759.22,VIP
C01435,750.0,19,26656.56,高频客户
C01436,808.0,23,52633.61,VIP
C01437,751.0,15,41724.79,高频客户
C01438,869.0,23,63132.6,VIP
C01439,737.0,16,30968.26,高频客户
C01440,767.0,21,49948.59,高频客户
C01441,799.0,21,43418.84,高频客户
C01442,858.0,25,80131.38,VIP
C01443,843.0,25,54235.76,VIP
C01444,795.0,17,39311.65,高频客户
C01445,755.0,25,72682.01,VIP
C01446,833.0,26,52424.43,VIP
C01447,792.0,22,49013.47,高频客户
C01448,845.0,25,47516.08,高频客户
C01449,730.0,22,54418.12,VIP
C01450,869.0,18,48314.71,高频客户
C01451,774.0,19,71045.06,VIP
C01452,849.0,21,84837.33,VIP
C01453,817.0,16,28487.75,高频客户
C01454,841.0,30,54248.8,VIP
C01455,839.0,28,42507.25,高频客户
C01456,772.0,17,35737.8,高频客户
C01457,753.0,19,53330.78,VIP
C01458,762.0,18,56367.03,VIP
C01459,801.0,17,25223.26,高频客户
C01460,716.0,14,26963.93,高频客户
C01461,728.0,22,63971.08,VIP
C01462,850.0,22,47754.5,高频客户
C01463,793.0,26,94574.67,VIP
C01464,789.0,17,87050.98,VIP
C01465,837.0,30,84771.81,VIP
C01466,807.0,23,38258.76,高频客户
C01467,837.0,28,72414.33,VIP
C01468,660.0,24,45242.09,高频客户
C01469,798.0,12,24392.93,高频客户
C01470,768.0,24,60500.94,VIP
C01471,730.0,17,43320.86,高频客户
C01472,817.0,19,50716.27,VIP
C01473,826.0,22,57679.22,VIP
C01474,831.0,20,54241.67,VIP
C01475,756.0,19,75996.69,VIP
C01476,848.0,18,50434.02,VIP
C01477,859.0,33,51680.66,VIP
C01478,858.0,23,72214.36,VIP
C01479,822.0,26,63590.09,VIP
C01480,786.0,19,39035.24,高频客户
C01481,758.0,25,48434.37,高频客户
C01482,614.0,15,31452.81,高频客户
C01483,838.0,22,63463.62,VIP
C01484,742.0,18,58518.27,VIP
C01485,833.0,15,27135.71,高频客户
C01486,748.0,30,51476.58,VIP
C01487,780.0,21,66779.71,VIP
C01488,722.0,23,42468.4,高频客户
C01489,823.0,23,51202.74,VIP
C01490,610.0,20,42312.08,高频客户
C01491,822.0,28,52779.0,VIP
C01492,758.0,21,71560.94,VIP
C01493,841.0,23,60787.18,VIP
C01494,807.0,23,101163.07,VIP
C01495,831.0,22,40333.3,高频客户
C01496,793.0,20,50982.08,VIP
C01497,819.0,23,46863.96,高频客户
C01498,839.0,19,67383.49,VIP
C01499,705.0,13,16045.39,高频客户
C01500,775.0,28,73453.33,VIP
C01501,753.0,15,35292.92,高频客户
C01502,723.0,17,37135.64,高频客户
C01503,841.0,25,109403.87,VIP
C01504,815.0,16,24591.24,高频客户
C01505,801.0,18,38872.9,高频客户
C01506,866.0,23,28951.67,高频客户
C01507,772.0,15,30749.41,高频客户
C01508,806.0,24,59273.49,VIP
C01509,649.0,11,37461.71,高频客户
C01510,843.0,18,46679.77,高频客户
C01511,833.0,28,74932.11,VIP
C01512,768.0,23,69847.99,VIP
C01513,740.0,26,77064.56,VIP
C01514,850.0,21,57302.58,VIP
C01515,859.0,32,81683.12,VIP
C01516,812.0,23,70858.79,VIP
C01517,684.0,16,22260.17,高频客户
C01518,777.0,24,45597.56,高频客户
C01519,774.0,26,32781.54,高频客户
C01520,802.0,14,83608.09,VIP
C01521,768.0,30,75082.06,VIP
C01522,812.0,28,107735.9,VIP
C01523,852.0,26,44597.41,高频客户
C01524,601.0,22,55262.87,VIP
C01525,791.0,19,58084.72,VIP
C01526,863.0,24,32445.68,高频客户
C01527,703.0,18,23604.1,高频客户
C01528,842.0,9,24968.11,高频客户
C01529,635.0,20,34306.88,高频客户
C01530,798.0,21,21102.37,高频客户
C01531,643.0,19,44212.07,高频客户
C01532,788.0,27,120075.94,VIP
C01533,810.0,29,127378.15,VIP
C01534,746.0,22,75185.5,VIP
C01535,845.0,18,29564.56,高频客户
C01536,739.0,14,24161.18,高频客户
C01537,815.0,17,43510.03,高频客户
C01538,857.0,24,49036.87,高频客户
C01539,837.0,15,32418.07,高频客户
C01540,787.0,17,39687.02,高频客户
C01541,699.0,20,31092.91,高频客户
C01542,802.0,16,34036.28,高频客户
C01543,852.0,15,16102.93,高频客户
C01544,758.0,28,63797.44,VIP
C01545,823.0,20,49542.29,高频客户
C01546,771.0,20,40716.01,高频客户
C01547,779.0,15,24068.68,高频客户
C01548,630.0,16,46613.53,高频客户
C01549,777.0,22,73261.8,VIP
C01550,777.0,16,41949.17,高频客户
C01551,777.0,18,63185.26,VIP
C01552,757.0,25,72874.73,VIP
C01553,762.0,23,57996.68,VIP
C01554,824.0,16,39428.29,高频客户
C01555,875.0,18,72578.13,VIP
C01556,780.0,23,38943.64,高频客户
C01557,788.0,23,54300.62,VIP
C01558,806.0,19,35213.82,高频客户
C01559,730.0,22,59726.45,VIP
C01560,667.0,9,19018.03,高频客户
C01561,706.0,23,49403.84,高频客户
C01562,810.0,32,76315.7,VIP
C01563,817.0,27,50468.58,VIP
C01564,799.0,24,47850.25,高频客户
C01565,851.0,21,41171.26,高频客户
C01566,719.0,20,51050.56,VIP
C01567,793.0,25,39117.5,高频客户
C01568,782.0,19,38481.89,高频客户
C01569,735.0,23,56909.4,VIP
C01570,701.0,14,26310.36,高频客户
C01571,766.0,22,50025.85,VIP
C01572,827.0,19,45286.03,高频客户
C01573,803.0,18,19078.25,高频客户
C01574,652.0,20,76482.6,VIP
C01575,750.0,13,53566.09,VIP
C01576,879.0,27,73191.57,VIP
C01577,685.0,24,44380.6,高频客户
C01578,738.0,15,58040.4,VIP
C01579,786.0,21,68129.81,VIP
C01580,847.0,22,61017.82,VIP
C01581,866.0,27,60331.97,VIP
C01582,851.0,24,49920.49,高频客户
C01583,804.0,20,56159.88,VIP
C01584,758.0,19,50402.06,VIP
C01585,777.0,17,30388.44,高频客户
C01586,720.0,21,49368.79,高频客户
C01587,720.0,18,24433.07,高频客户
C01588,811.0,20,35469.9,高频客户
C01589,706.0,27,38000.56,高频客户
C01590,773.0,19,28082.77,高频客户
C01591,838.0,24,44715.53,高频客户
C01592,853.0,26,79237.94,VIP
C01593,859.0,24,36837.77,高频客户
C01594,738.0,20,49883.9,高频客户
C01595,767.0,21,73387.62,VIP
C01596,785.0,18,54956.64,VIP
C01597,864.0,27,52714.54,VIP
C01598,800.0,28,70290.17,VIP
C01599,857.0,24,24965.64,高频客户
C01600,683.0,17,57936.46,VIP
C01601,843.0,26,98808.57,VIP
C01602,833.0,29,101443.57,VIP
C01603,668.0,18,24333.92,高频客户
C01604,817.0,19,32231.11,高频客户
C01605,837.0,26,57561.04,VIP
C01606,812.0,20,38018.99,高频客户
C01607,867.0,21,60164.9,VIP
C01608,800.0,23,49252.12,高频客户
C01609,770.0,25,53385.67,VIP
C01610,837.0,26,46721.11,高频客户
C01611,602.0,18,35801.39,高频客户
C01612,830.0,21,45479.01,高频客户
C01613,800.0,23,89333.73,VIP
C01614,841.0,30,65818.07,VIP
C01615,709.0,18,39104.17,高频客户
C01616,858.0,24,90080.64,VIP
C01617,646.0,20,30331.08,高频客户
C01618,598.0,16,37011.37,高频客户
C01619,778.0,19,40743.51,高频客户
C01620,686.0,23,55104.39,VIP
C01621,844.0,20,40470.83,高频客户
C01622,737.0,21,62490.75,VIP
C01623,827.0,28,84945.41,VIP
C01624,661.0,25,65366.59,VIP
C01625,810.0,14,18036.1,高频客户
C01626,769.0,23,78384.19,VIP
C01627,762.0,19,60159.64,VIP
C01628,811.0,18,38141.81,高频客户
C01629,806.0,14,30231.25,高频客户
C01630,779.0,16,49905.9,高频客户
C01631,851.0,20,41918.81,高频客户
C01632,617.0,10,25868.62,高频客户
C01633,813.0,15,32140.25,高频客户
C01634,817.0,34,107271.22,VIP
C01635,863.0,20,61038.49,VIP
C01636,837.0,29,64229.32,VIP
C01637,731.0,20,50253.22,VIP
C01638,750.0,27,62045.95,VIP
C01639,814.0,20,49674.68,高频客户
C01640,736.0,23,44517.78,高频客户
C01641,798.0,21,32590.85,高频客户
C01642,790.0,25,69840.34,VIP
C01643,840.0,28,50378.23,VIP
C01644,851.0,18,64517.07,VIP
C01645,719.0,22,32740.62,高频客户
C01646,722.0,22,64702.46,VIP
C01647,739.0,22,73551.77,VIP
C01648,748.0,23,37992.09,高频客户
C01649,822.0,20,52936.27,VIP
C01650,715.0,20,82550.61,VIP
C01651,602.0,20,41967.38,高频客户
C01652,685.0,17,28472.94,高频客户
C01653,847.0,25,87392.59,VIP
C01654,778.0,21,46482.62,高频客户
C01655,791.0,24,99113.94,VIP
C01656,827.0,23,49672.25,高频客户
C01657,830.0,23,45737.17,高频客户
C01658,813.0,35,61009.43,VIP
C01659,738.0,14,42672.98,高频客户
C01660,765.0,23,92145.06,VIP
C01661,846.0,23,44863.98,高频客户
C01662,815.0,25,59503.5,VIP
C01663,835.0,26,58884.69,VIP
C01664,542.0,22,30563.41,高频客户
C01665,818.0,27,68132.95,VIP
C01666,860.0,28,67577.91,VIP
C01667,784.0,26,77444.3,VIP
C01668,766.0,19,83207.36,VIP
C01669,763.0,31,81532.84,VIP
C01670,755.0,26,55987.94,VIP
C01671,758.0,10,39259.13,高频客户
C01672,810.0,16,24627.81,高频客户
C01673,856.0,27,54293.5,VIP
C01674,843.0,14,30740.07,高频客户
C01675,769.0,22,36466.11,高频客户
C01676,837.0,28,63262.68,VIP
C01677,733.0,14,69292.71,VIP
C01678,848.0,28,76221.38,VIP
C01679,811.0,17,20007.07,高频客户
C01680,742.0,24,49010.14,高频客户
C01681,663.0,22,73764.69,VIP
C01682,734.0,19,54201.66,VIP
C01683,745.0,25,59037.63,VIP
C01684,818.0,18,32417.19,高频客户
C01685,762.0,18,24109.74,高频客户
C01686,793.0,22,40974.22,高频客户
C01687,776.0,19,33184.01,高频客户
C01688,761.0,23,47802.39,高频客户
C01689,661.0,21,41906.81,高频客户
C01690,829.0,23,91114.37,VIP
C01691,742.0,28,86237.51,VIP
C01692,820.0,18,74077.09,VIP
C01693,820.0,17,63983.58,VIP
C01694,811.0,20,64725.18,VIP
C01695,780.0,19,32377.47,高频客户
C01696,741.0,20,33195.72,高频客户
C01697,841.0,32,92917.96,VIP
C01698,734.0,20,36862.89,高频客户
C01699,803.0,26,24719.79,高频客户
C01700,644.0,14,22098.94,高频客户
C01701,792.0,14,31622.83,高频客户
C01702,791.0,22,41621.73,高频客户
C01703,689.0,20,22234.66,高频客户
C01704,840.0,19,56430.06,VIP
C01705,742.0,20,26876.53,高频客户
C01706,817.0,16,46124.43,高频客户
C01707,704.0,12,19231.29,高频客户
C01708,794.0,22,75842.79,VIP
C01709,832.0,20,33335.64,高频客户
C01710,733.0,31,84655.74,VIP
C01711,771.0,21,53063.47,VIP
C01712,839.0,24,36258.91,高频客户
C01713,801.0,21,106078.03,VIP
C01714,755.0,15,31054.46,高频客户
C01715,810.0,16,33285.17,高频客户
C01716,776.0,22,50237.36,VIP
C01717,720.0,20,62230.23,VIP
C01718,747.0,15,32605.5,高频客户
C01719,805.0,16,61326.88,VIP
C01720,673.0,17,52474.97,VIP
C01721,775.0,25,42430.21,高频客户
C01722,729.0,22,39620.18,高频客户
C01723,734.0,23,44508.21,高频客户
C01724,738.0,16,45433.3,高频客户
C01725,755.0,21,40489.55,高频客户
C01726,703.0,22,41654.38,高频客户
C01727,603.0,13,33478.88,高频客户
C01728,811.0,22,69968.51,VIP
C01729,849.0,32,53802.69,VIP
C01730,787.0,17,22011.5,高频客户
C01731,667.0,17,20816.47,高频客户
C01732,743.0,25,41442.61,高频客户
C01733,796.0,26,57982.64,VIP
C01734,675.0,24,102501.32,VIP
C01735,838.0,24,93089.09,VIP
C01736,666.0,26,37233.59,高频客户
C01737,790.0,18,48596.04,高频客户
C01738,834.0,28,67323.7,VIP
C01739,715.0,17,34518.43,高频客户
C01740,829.0,24,66953.47,VIP
C01741,681.0,15,21770.22,高频客户
C01742,772.0,13,33892.44,高频客户
C01743,622.0,19,31536.97,高频客户
C01744,844.0,26,89690.11,VIP
C01745,868.0,23,67904.05,VIP
C01746,809.0,19,51858.33,VIP
C01747,855.0,20,42685.57,高频客户
C01748,825.0,21,54157.35,VIP
C01749,603.0,18,53498.35,VIP
C01750,818.0,17,32943.54,高频客户
C01751,862.0,21,38101.84,高频客户
C01752,766.0,17,37605.91,高频客户
C01753,779.0,22,28390.12,高频客户
C01754,756.0,13,21231.88,高频客户
C01755,724.0,23,35588.55,高频客户
C01756,849.0,15,33392.95,高频客户
C01757,713.0,22,34784.79,高频客户
C01758,772.0,18,39638.29,高频客户
C01759,869.0,28,64944.55,VIP
C01760,739.0,19,47041.69,高频客户
C01761,835.0,13,20380.62,高频客户
C01762,772.0,26,51234.87,VIP
C01763,807.0,24,57035.52,VIP
C01764,718.0,16,49375.55,高频客户
C01765,844.0,27,62504.29,VIP
C01766,474.0,13,33085.48,高频客户
C01767,825.0,21,104199.95,VIP
C01768,840.0,22,54890.89,VIP
C01769,747.0,17,65549.0,VIP
C01770,724.0,19,51035.09,VIP
C01771,790.0,22,49248.71,高频客户
C01772,775.0,21,20962.83,高频客户
C01773,830.0,22,78553.85,VIP
C01774,749.0,15,63604.4,VIP
C01775,837.0,20,86044.96,VIP
C01776,853.0,17,35313.44,高频客户
C01777,818.0,18,65654.1,VIP
C01778,807.0,27,81882.17,VIP
C01779,849.0,20,29183.01,高频客户
C01780,700.0,23,57276.0,VIP
C01781,758.0,24,46658.36,高频客户
C01782,783.0,23,55043.0,VIP
C01783,755.0,20,33700.15,高频客户
C01784,467.0,15,52740.8,VIP
C01785,878.0,26,34438.66,高频客户
C01786,698.0,14,49600.53,高频客户
C01787,858.0,22,56748.34,VIP
C01788,782.0,28,69000.31,VIP
C01789,824.0,21,48035.11,高频客户
C01790,840.0,27,91375.87,VIP
C01791,870.0,13,19887.64,高频客户
C01792,746.0,13,12379.01,活跃客户
C01793,583.0,18,32814.92,高频客户
C01794,756.0,19,31838.27,高频客户
C01795,729.0,14,27254.29,高频客户
C01796,748.0,28,73335.03,VIP
C01797,840.0,23,42264.13,高频客户
C01798,857.0,26,61978.09,VIP
C01799,815.0,21,54686.8,VIP
C01800,799.0,25,120787.85,VIP
C01801,806.0,24,45743.42,高频客户
C01802,868.0,19,49998.01,高频客户
C01803,837.0,16,38299.55,高频客户
C01804,743.0,27,57452.16,VIP
C01805,851.0,18,93748.72,VIP
C01806,715.0,14,19152.62,高频客户
C01807,779.0,24,71842.84,VIP
C01808,705.0,21,78776.09,VIP
C01809,865.0,34,104236.76,VIP
C01810,826.0,22,48782.79,高频客户
C01811,798.0,14,37489.17,高频客户
C01812,767.0,32,100255.21,VIP
C01813,726.0,20,45033.24,高频客户
C01814,798.0,25,36037.61,高频客户
C01815,797.0,19,53229.53,VIP
C01816,772.0,17,29507.09,高频客户
C01817,794.0,21,43938.57,高频客户
C01818,827.0,23,56763.89,VIP
C01819,803.0,23,74342.93,VIP
C01820,790.0,26,27255.1,高频客户
C01821,789.0,21,51092.79,VIP
C01822,735.0,21,39165.68,高频客户
C01823,799.0,20,40035.89,高频客户
C01824,806.0,26,75216.39,VIP
C01825,644.0,19,30072.18,高频客户
C01826,797.0,19,82343.45,VIP
C01827,735.0,19,45819.37,高频客户
C01828,789.0,20,38270.68,高频客户
C01829,837.0,24,78215.03,VIP
C01830,807.0,24,60984.06,VIP
C01831,779.0,21,48223.87,高频客户
C01832,849.0,14,38720.15,高频客户
C01833,723.0,28,59459.95,VIP
C01834,854.0,25,65086.88,VIP
C01835,662.0,21,55413.71,VIP
C01836,862.0,26,33613.64,高频客户
C01837,709.0,31,72163.82,VIP
C01838,799.0,21,31543.97,高频客户
C01839,827.0,23,60778.4,VIP
C01840,791.0,21,58404.41,VIP
C01841,784.0,15,30727.82,高频客户
C01842,762.0,27,71296.61,VIP
C01843,758.0,18,25155.21,高频客户
C01844,715.0,17,24351.19,高频客户
C01845,701.0,16,34722.4,高频客户
C01846,854.0,19,34223.54,高频客户
C01847,859.0,19,47707.65,高频客户
C01848,785.0,31,53041.72,VIP
C01849,820.0,22,79756.09,VIP
C01850,827.0,31,77443.67,VIP
C01851,711.0,21,61634.6,VIP
C01852,775.0,28,45342.65,高频客户
C01853,761.0,20,28866.1,高频客户
C01854,793.0,20,38342.73,高频客户
C01855,857.0,29,49097.37,高频客户
C01856,826.0,17,55618.79,VIP
C01857,871.0,21,49268.83,高频客户
C01858,773.0,16,31515.26,高频客户
C01859,817.0,23,45792.27,高频客户
C01860,809.0,27,71992.39,VIP
C01861,848.0,22,36540.44,高频客户
C01862,707.0,18,23165.48,高频客户
C01863,876.0,20,60573.66,VIP
C01864,793.0,18,25820.65,高频客户
C01865,693.0,20,67408.03,VIP
C01866,803.0,24,73568.77,VIP
C01867,600.0,13,19955.83,高频客户
C01868,710.0,19,24046.95,高频客户
C01869,802.0,20,92508.2,VIP
C01870,836.0,24,72922.16,VIP
C01871,853.0,25,97940.21,VIP
C01872,758.0,18,69348.72,VIP
C01873,814.0,18,61553.06,VIP
C01874,848.0,26,53369.47,VIP
C01875,737.0,18,49640.08,高频客户
C01876,723.0,19,56819.62,VIP
C01877,871.0,19,39177.23,高频客户
C01878,739.0,26,76134.86,VIP
C01879,814.0,26,95052.35,VIP
C01880,814.0,14,26845.75,高频客户
C01881,742.0,13,25838.71,高频客户
C01882,839.0,22,23959.51,高频客户
C01883,761.0,20,89027.0,VIP
C01884,717.0,20,34281.18,高频客户
C01885,790.0,24,35346.11,高频客户
C01886,812.0,26,30326.05,高频客户
C01887,700.0,19,31930.26,高频客户
C01888,765.0,23,73895.01,VIP
C01889,737.0,15,27582.17,高频客户
C01890,791.0,25,72539.1,VIP
C01891,726.0,25,51072.79,VIP
C01892,766.0,16,55979.09,VIP
C01893,738.0,22,80386.76,VIP
C01894,842.0,15,28652.37,高频客户
C01895,738.0,22,56761.15,VIP
C01896,815.0,24,68386.16,VIP
C01897,741.0,17,23719.67,高频客户
C01898,811.0,21,59722.96,VIP
C01899,742.0,20,33869.83,高频客户
C01900,833.0,16,78495.76,VIP
C01901,818.0,19,50938.77,VIP
C01902,823.0,19,31595.45,高频客户
C01903,738.0,22,29260.8,高频客户
C01904,763.0,19,34183.01,高频客户
C01905,781.0,21,69840.79,VIP
C01906,823.0,24,69385.72,VIP
C01907,794.0,17,45497.82,高频客户
C01908,768.0,20,51399.03,VIP
C01909,751.0,27,62776.52,VIP
C01910,811.0,27,79554.46,VIP
C01911,801.0,22,53560.37,VIP
C01912,870.0,30,84420.39,VIP
C01913,813.0,21,62354.83,VIP
C01914,773.0,21,35883.01,高频客户
C01915,864.0,29,60752.67,VIP
C01916,802.0,26,90922.92,VIP
C01917,863.0,27,42976.64,高频客户
C01918,809.0,33,76307.75,VIP
C01919,764.0,19,31153.32,高频客户
C01920,736.0,23,51080.29,VIP
C01921,812.0,18,56240.31,VIP
C01922,733.0,16,28665.09,高频客户
C01923,806.0,23,36506.07,高频客户
C01924,800.0,22,67821.94,VIP
C01925,827.0,25,33860.58,高频客户
C01926,790.0,33,57752.28,VIP
C01927,740.0,26,63242.24,VIP
C01928,853.0,22,41896.79,高频客户
C01929,814.0,24,63341.7,VIP
C01930,815.0,24,53515.39,VIP
C01931,790.0,29,46450.66,高频客户
C01932,836.0,19,71825.68,VIP
C01933,726.0,22,61521.73,VIP
C01934,793.0,23,39386.58,高频客户
C01935,768.0,20,47412.59,高频客户
C01936,698.0,10,31427.29,高频客户
C01937,807.0,23,49316.45,高频客户
C01938,533.0,14,37171.29,高频客户
C01939,762.0,18,22857.99,高频客户
C01940,861.0,26,50176.35,VIP
C01941,812.0,19,43552.15,高频客户
C01942,748.0,17,22702.33,高频客户
C01943,766.0,20,30666.09,高频客户
C01944,778.0,28,44121.63,高频客户
C01945,617.0,18,41170.58,高频客户
C01946,796.0,20,70147.38,VIP
C01947,769.0,16,23632.88,高频客户
C01948,831.0,30,81032.85,VIP
C01949,803.0,22,93704.97,VIP
C01950,790.0,17,41457.93,高频客户
C01951,845.0,21,37166.55,高频客户
C01952,784.0,20,40162.19,高频客户
C01953,864.0,24,26161.43,高频客户
C01954,794.0,24,36051.51,高频客户
C01955,853.0,24,56056.34,VIP
C01956,806.0,23,46633.75,高频客户
C01957,851.0,27,82595.83,VIP
C01958,843.0,11,17073.87,高频客户
C01959,732.0,25,70692.94,VIP
C01960,792.0,11,17544.56,高频客户
C01961,802.0,24,68560.85,VIP
C01962,785.0,23,41526.22,高频客户
C01963,790.0,19,49793.54,高频客户
C01964,746.0,15,19274.79,高频客户
C01965,708.0,23,48645.88,高频客户
C01966,768.0,28,52598.88,VIP
C01967,775.0,21,71250.74,VIP
C01968,721.0,23,57572.92,VIP
C01969,680.0,24,62105.84,VIP
C01970,825.0,17,30709.15,高频客户
C01971,766.0,22,48190.3,高频客户
C01972,696.0,24,63187.81,VIP
C01973,811.0,23,39038.12,高频客户
C01974,800.0,19,50707.48,VIP
C01975,819.0,19,31745.66,高频客户
C01976,762.0,17,31181.51,高频客户
C01977,724.0,24,52234.7,VIP
C01978,782.0,22,67397.44,VIP
C01979,749.0,18,47873.28,高频客户
C01980,828.0,19,55256.5,VIP
C01981,861.0,23,46158.64,高频客户
C01982,813.0,22,60147.31,VIP
C01983,743.0,20,42309.98,高频客户
C01984,772.0,21,42235.43,高频客户
C01985,857.0,30,97913.59,VIP
C01986,770.0,21,55287.96,VIP
C01987,819.0,18,33335.86,高频客户
C01988,602.0,16,52075.94,VIP
C01989,753.0,22,40610.96,高频客户
C01990,714.0,15,22187.51,高频客户
C01991,820.0,17,34474.35,高频客户
C01992,776.0,35,93287.89,VIP
C01993,872.0,20,38270.22,高频客户
C01994,817.0,26,55503.4,VIP
C01995,878.0,17,72601.96,VIP
C01996,658.0,16,30445.43,高频客户
C01997,714.0,17,34537.84,高频客户
C01998,806.0,19,42841.63,高频客户
C01999,825.0,29,78630.81,VIP
C02000,796.0,21,66275.68,VIP
C02001,780.0,22,38744.77,高频客户
C02002,787.0,17,47429.98,高频客户
C02003,751.0,21,47581.52,高频客户
C02004,730.0,20,63438.2,VIP
C02005,801.0,21,24882.78,高频客户
C02006,772.0,19,60169.79,VIP
C02007,787.0,24,61385.26,VIP
C02008,805.0,24,46527.46,高频客户
C02009,869.0,28,69374.85,VIP
C02010,847.0,19,30261.84,高频客户
C02011,842.0,27,70072.49,VIP
C02012,846.0,25,85584.53,VIP
C02013,770.0,22,29250.11,高频客户
C02014,817.0,19,62715.18,VIP
C02015,828.0,19,50393.73,VIP
C02016,817.0,29,61696.7,VIP
C02017,862.0,20,49625.84,高频客户
C02018,763.0,25,94139.06,VIP
C02019,861.0,26,68743.98,VIP
C02020,858.0,21,45009.87,高频客户
C02021,807.0,24,72013.83,VIP
C02022,808.0,21,53693.47,VIP
C02023,823.0,26,100480.97,VIP
C02024,799.0,25,36974.53,高频客户
C02025,706.0,23,92588.88,VIP
C02026,747.0,15,24439.59,高频客户
C02027,783.0,30,46647.3,高频客户
C02028,811.0,27,40976.88,高频客户
C02029,797.0,18,80733.95,VIP
C02030,811.0,19,28107.65,高频客户
C02031,827.0,24,66236.04,VIP
C02032,736.0,20,43337.27,高频客户
C02033,747.0,26,38175.4,高频客户
C02034,762.0,19,34844.38,高频客户
C02035,761.0,20,70645.68,VIP
C02036,807.0,17,28237.2,高频客户
C02037,766.0,26,38149.25,高频客户
C02038,866.0,17,48991.6,高频客户
C02039,750.0,19,34877.69,高频客户
C02040,803.0,17,27230.07,高频客户
C02041,810.0,18,61390.09,VIP
C02042,814.0,16,23488.67,高频客户
C02043,818.0,20,48939.36,高频客户
C02044,646.0,21,57902.86,VIP
C02045,810.0,26,70318.62,VIP
C02046,749.0,21,37438.08,高频客户
C02047,865.0,15,31979.32,高频客户
C02048,770.0,23,64173.39,VIP
C02049,774.0,17,44773.11,高频客户
C02050,731.0,16,31826.75,高频客户
C02051,806.0,22,40868.91,高频客户
C02052,742.0,19,98391.29,VIP
C02053,775.0,16,39900.05,高频客户
C02054,824.0,32,89870.72,VIP
C02055,744.0,22,70852.71,VIP
C02056,835.0,19,60509.66,VIP
C02057,671.0,21,44700.0,高频客户
C02058,772.0,16,73667.72,VIP
C02059,776.0,23,34677.56,高频客户
C02060,700.0,18,41899.91,高频客户
C02061,845.0,22,65094.33,VIP
C02062,791.0,23,26954.32,高频客户
C02063,771.0,26,38795.59,高频客户
C02064,788.0,21,80493.86,VIP
C02065,840.0,27,44679.97,高频客户
C02066,802.0,19,35091.07,高频客户
C02067,722.0,22,68075.17,VIP
C02068,745.0,27,61484.98,VIP
C02069,858.0,26,45697.86,高频客户
C02070,759.0,18,37809.31,高频客户
C02071,752.0,17,87739.38,VIP
C02072,787.0,18,28748.41,高频客户
C02073,760.0,25,127643.76,VIP
C02074,580.0,18,28086.42,高频客户
C02075,813.0,25,38057.87,高频客户
C02076,827.0,21,42425.09,高频客户
C02077,786.0,13,20145.27,高频客户
C02078,705.0,17,46394.21,高频客户
C02079,810.0,26,47578.76,高频客户
C02080,811.0,29,74167.94,VIP
C02081,774.0,17,46919.67,高频客户
C02082,820.0,11,12630.16,活跃客户
C02083,813.0,22,83406.43,VIP
C02084,741.0,22,22976.39,高频客户
C02085,867.0,22,50479.78,VIP
C02086,704.0,15,13786.02,活跃客户
C02087,874.0,19,86780.27,VIP
C02088,775.0,21,62129.9,VIP
C02089,842.0,15,54271.47,VIP
C02090,857.0,16,43174.93,高频客户
C02091,797.0,18,52214.86,VIP
C02092,665.0,25,51908.47,VIP
C02093,682.0,27,116633.14,VIP
C02094,720.0,19,58714.19,VIP
C02095,855.0,22,49946.75,高频客户
C02096,776.0,29,65109.63,VIP
C02097,839.0,26,84236.77,VIP
C02098,749.0,25,50038.1,VIP
C02099,859.0,28,61855.31,VIP
C02100,834.0,19,41749.62,高频客户
C02101,735.0,19,86483.03,VIP
C02102,744.0,14,26913.33,高频客户
C02103,825.0,21,67882.84,VIP
C02104,815.0,25,49027.92,高频客户
C02105,840.0,20,41432.17,高频客户
C02106,819.0,22,68158.74,VIP
C02107,812.0,16,27920.1,高频客户
C02108,731.0,30,101293.14,VIP
C02109,683.0,14,35459.11,高频客户
C02110,744.0,28,97178.34,VIP
C02111,690.0,20,23235.28,高频客户
C02112,832.0,21,41924.55,高频客户
C02113,799.0,28,87796.6,VIP
C02114,857.0,23,66740.22,VIP
C02115,824.0,20,26350.45,高频客户
C02116,868.0,20,42926.12,高频客户
C02117,843.0,26,73409.36,VIP
C02118,803.0,18,49527.6,高频客户
C02119,847.0,24,120247.13,VIP
C02120,821.0,24,55071.01,VIP
C02121,686.0,19,73598.07,VIP
C02122,782.0,15,16812.79,高频客户
C02123,798.0,18,49380.83,高频客户
C02124,813.0,32,67591.56,VIP
C02125,849.0,18,60719.49,VIP
C02126,636.0,24,54714.35,VIP
C02127,692.0,17,50590.83,VIP
C02128,808.0,31,57950.76,VIP
C02129,860.0,26,67577.96,VIP
C02130,844.0,19,42802.44,高频客户
C02131,829.0,21,35046.53,高频客户
C02132,816.0,18,56066.86,VIP
C02133,834.0,22,43530.25,高频客户
C02134,711.0,12,39864.3,高频客户
C02135,685.0,16,25973.31,高频客户
C02136,861.0,18,42268.33,高频客户
C02137,746.0,22,79807.38,VIP
C02138,745.0,17,35604.48,高频客户
C02139,783.0,18,39561.43,高频客户
C02140,656.0,24,68887.8,VIP
C02141,868.0,16,48271.34,高频客户
C02142,820.0,17,39946.7,高频客户
C02143,821.0,19,37462.26,高频客户
C02144,830.0,20,78946.8,VIP
C02145,839.0,25,51495.19,VIP
C02146,869.0,26,83390.4,VIP
C02147,864.0,21,53050.0,VIP
C02148,806.0,18,56694.56,VIP
C02149,801.0,24,59398.38,VIP
C02150,873.0,25,58934.79,VIP
C02151,632.0,10,23998.8,高频客户
C02152,837.0,22,31473.48,高频客户
C02153,776.0,24,78929.66,VIP
C02154,863.0,22,34933.0,高频客户
C02155,666.0,16,39392.5,高频客户
C02156,785.0,34,110225.75,VIP
C02157,783.0,25,53321.25,VIP
C02158,824.0,27,36652.91,高频客户
C02159,861.0,20,22185.78,高频客户
C02160,644.0,20,44772.98,高频客户
C02161,864.0,26,69616.62,VIP
C02162,863.0,19,44051.93,高频客户
C02163,844.0,33,57233.16,VIP
C02164,844.0,19,33422.0,高频客户
C02165,749.0,17,55158.03,VIP
C02166,844.0,26,74989.79,VIP
C02167,782.0,24,43217.81,高频客户
C02168,855.0,23,80280.94,VIP
C02169,787.0,26,47537.08,高频客户
C02170,626.0,20,26100.88,高频客户
C02171,784.0,23,39362.58,高频客户
C02172,759.0,18,47212.86,高频客户
C02173,853.0,20,52448.52,VIP
C02174,680.0,18,40313.1,高频客户
C02175,831.0,17,21489.68,高频客户
C02176,791.0,25,80991.78,VIP
C02177,802.0,24,80598.27,VIP
C02178,584.0,16,34599.85,高频客户
C02179,806.0,31,67245.13,VIP
C02180,784.0,25,51255.78,VIP
C02181,844.0,19,59896.44,VIP
C02182,848.0,26,76082.28,VIP
C02183,756.0,21,39197.38,高频客户
C02184,820.0,23,49329.82,高频客户
C02185,701.0,15,38422.3,高频客户
C02186,761.0,16,54797.83,VIP
C02187,863.0,30,101944.78,VIP
C02188,841.0,29,95832.67,VIP
C02189,815.0,19,43184.44,高频客户
C02190,681.0,27,59578.2,VIP
C02191,846.0,23,66660.57,VIP
C02192,845.0,24,48427.43,高频客户
C02193,675.0,13,41838.08,高频客户
C02194,826.0,18,58305.6,VIP
C02195,818.0,20,47325.07,高频客户
C02196,759.0,23,44006.51,高频客户
C02197,857.0,31,90345.68,VIP
C02198,772.0,24,54443.52,VIP
C02199,796.0,21,62891.73,VIP
C02200,769.0,22,83169.11,VIP
C02201,839.0,15,12681.39,活跃客户
C02202,671.0,14,26686.23,高频客户
C02203,787.0,28,82598.85,VIP
C02204,583.0,21,53669.12,VIP
C02205,559.0,14,24098.04,高频客户
C02206,842.0,32,67164.65,VIP
C02207,782.0,22,55072.34,VIP
C02208,862.0,30,73371.01,VIP
C02209,806.0,22,42321.71,高频客户
C02210,785.0,24,54975.2,VIP
C02211,848.0,20,37634.48,高频客户
C02212,794.0,26,44080.84,高频客户
C02213,860.0,23,94121.79,VIP
C02214,625.0,23,59926.38,VIP
C02215,829.0,18,48844.99,高频客户
C02216,829.0,19,32140.94,高频客户
C02217,848.0,20,33950.73,高频客户
C02218,749.0,21,82760.85,VIP
C02219,742.0,17,69151.92,VIP
C02220,799.0,18,50254.38,VIP
C02221,812.0,21,77176.79,VIP
C02222,799.0,19,48651.36,高频客户
C02223,787.0,25,59728.91,VIP
C02224,839.0,13,27800.9,高频客户
C02225,854.0,20,44602.72,高频客户
C02226,678.0,18,25101.19,高频客户
C02227,815.0,29,39834.61,高频客户
C02228,796.0,20,54674.58,VIP
C02229,853.0,29,73055.43,VIP
C02230,830.0,23,49049.35,高频客户
C02231,864.0,19,29590.78,高频客户
C02232,731.0,18,23881.68,高频客户
C02233,759.0,24,62904.24,VIP
C02234,757.0,19,52569.94,VIP
C02235,851.0,29,97792.08,VIP
C02236,847.0,19,30018.11,高频客户
C02237,803.0,30,55367.5,VIP
C02238,572.0,14,17952.26,高频客户
C02239,805.0,25,41338.65,高频客户
C02240,739.0,20,39742.38,高频客户
C02241,827.0,29,60662.22,VIP
C02242,843.0,21,78197.7,VIP
C02243,828.0,19,41145.61,高频客户
C02244,848.0,21,53995.99,VIP
C02245,866.0,17,52062.95,VIP
C02246,722.0,22,50048.84,VIP
C02247,876.0,18,52254.65,VIP
C02248,829.0,36,93838.79,VIP
C02249,779.0,22,49986.37,高频客户
C02250,727.0,28,61522.84,VIP
C02251,774.0,18,42214.09,高频客户
C02252,848.0,19,38386.49,高频客户
C02253,803.0,31,71455.57,VIP
C02254,857.0,29,57616.55,VIP
C02255,836.0,19,56038.05,VIP
C02256,775.0,18,60296.07,VIP
C02257,860.0,27,61497.57,VIP
C02258,831.0,21,93244.68,VIP
C02259,805.0,20,32885.54,高频客户
C02260,875.0,29,78425.04,VIP
C02261,832.0,21,56049.6,VIP
C02262,850.0,26,120823.6,VIP
C02263,846.0,16,27305.65,高频客户
C02264,866.0,23,50924.25,VIP
C02265,863.0,23,34760.43,高频客户
C02266,857.0,20,36596.67,高频客户
C02267,848.0,22,62628.29,VIP
C02268,625.0,21,46662.75,高频客户
C02269,770.0,28,87207.63,VIP
C02270,797.0,24,51670.99,VIP
C02271,834.0,25,71496.26,VIP
C02272,826.0,28,46902.2,高频客户
C02273,801.0,14,37302.23,高频客户
C02274,809.0,20,65969.61,VIP
C02275,876.0,33,73671.73,VIP
C02276,807.0,20,36952.16,高频客户
C02277,789.0,17,54699.12,VIP
C02278,850.0,16,33282.59,高频客户
C02279,722.0,18,70813.02,VIP
C02280,837.0,27,60346.02,VIP
C02281,764.0,20,35629.72,高频客户
C02282,778.0,27,63751.17,VIP
C02283,585.0,14,37181.28,高频客户
C02284,704.0,14,38465.01,高频客户
C02285,628.0,14,32847.75,高频客户
C02286,768.0,13,40628.68,高频客户
C02287,868.0,29,57956.29,VIP
C02288,853.0,16,39472.35,高频客户
C02289,774.0,22,30794.61,高频客户
C02290,868.0,27,123880.93,VIP
C02291,788.0,24,70423.68,VIP
C02292,819.0,13,22468.99,高频客户
C02293,806.0,14,30995.19,高频客户
C02294,839.0,22,72615.15,VIP
C02295,811.0,19,92988.0,VIP
C02296,770.0,26,90343.93,VIP
C02297,716.0,28,40868.86,高频客户
C02298,870.0,30,87983.81,VIP
C02299,823.0,20,64202.09,VIP
C02300,775.0,24,113062.52,VIP
C02301,867.0,30,72303.01,VIP
C02302,774.0,19,43193.95,高频客户
C02303,826.0,19,56191.78,VIP
C02304,778.0,14,66085.1,VIP
C02305,726.0,17,49664.35,高频客户
C02306,823.0,28,72295.72,VIP
C02307,785.0,28,73668.51,VIP
C02308,815.0,21,42510.58,高频客户
C02309,815.0,31,75796.75,VIP
C02310,801.0,20,61857.26,VIP
C02311,733.0,20,41137.26,高频客户
C02312,804.0,22,33176.82,高频客户
C02313,852.0,26,56679.48,VIP
C02314,857.0,20,49839.52,高频客户
C02315,768.0,17,23380.78,高频客户
C02316,745.0,17,80147.72,VIP
C02317,759.0,16,35600.62,高频客户
C02318,781.0,17,51298.72,VIP
C02319,750.0,29,86637.79,VIP
C02320,688.0,28,80892.15,VIP
C02321,782.0,17,35598.94,高频客户
C02322,816.0,19,56768.6,VIP
C02323,678.0,13,41538.95,高频客户
C02324,818.0,23,39735.48,高频客户
C02325,706.0,20,26869.54,高频客户
C02326,793.0,23,91968.16,VIP
C02327,832.0,22,37124.67,高频客户
C02328,661.0,21,54287.0,VIP
C02329,765.0,18,17919.2,高频客户
C02330,855.0,22,40363.67,高频客户
C02331,790.0,21,38411.55,高频客户
C02332,745.0,20,77127.03,VIP
C02333,864.0,25,61084.41,VIP
C02334,848.0,22,100198.32,VIP
C02335,779.0,28,83037.23,VIP
C02336,695.0,20,53096.91,VIP
C02337,831.0,11,47984.21,高频客户
C02338,730.0,18,27874.56,高频客户
C02339,769.0,21,48912.93,高频客户
C02340,672.0,23,50820.18,VIP
C02341,751.0,17,45881.86,高频客户
C02342,798.0,33,67658.14,VIP
C02343,778.0,17,32731.25,高频客户
C02344,797.0,19,43129.42,高频客户
C02345,757.0,24,73450.65,VIP
C02346,784.0,25,61988.28,VIP
C02347,767.0,20,30679.82,高频客户
C02348,862.0,19,64020.36,VIP
C02349,801.0,24,57385.98,VIP
C02350,769.0,16,37277.27,高频客户
C02351,844.0,20,45375.76,高频客户
C02352,792.0,21,53562.24,VIP
C02353,813.0,18,76767.28,VIP
C02354,851.0,19,30467.49,高频客户
C02355,764.0,22,27382.32,高频客户
C02356,803.0,24,51540.36,VIP
C02357,750.0,23,42510.09,高频客户
C02358,774.0,26,43300.97,高频客户
C02359,718.0,17,43094.55,高频客户
C02360,806.0,18,49850.84,高频客户
C02361,771.0,28,52558.58,VIP
C02362,818.0,22,66901.99,VIP
C02363,835.0,26,49348.98,高频客户
C02364,857.0,20,41391.72,高频客户
C02365,840.0,23,60035.62,VIP
C02366,767.0,20,27952.63,高频客户
C02367,841.0,19,48986.34,高频客户
C02368,810.0,13,11831.29,活跃客户
C02369,795.0,21,75228.91,VIP
C02370,824.0,18,34615.19,高频客户
C02371,854.0,22,64817.07,VIP
C02372,614.0,24,41016.94,高频客户
C02373,809.0,19,40024.67,高频客户
C02374,797.0,19,37999.09,高频客户
C02375,756.0,28,95645.59,VIP
C02376,840.0,30,100889.92,VIP
C02377,819.0,21,37094.23,高频客户
C02378,861.0,16,29621.7,高频客户
C02379,738.0,22,55832.56,VIP
C02380,785.0,28,49660.43,高频客户
C02381,787.0,21,31227.21,高频客户
C02382,766.0,21,37934.63,高频客户
C02383,776.0,18,20309.12,高频客户
C02384,849.0,17,44278.19,高频客户
C02385,739.0,15,42967.78,高频客户
C02386,809.0,22,54854.33,VIP
C02387,637.0,19,63388.4,VIP
C02388,813.0,18,34602.25,高频客户
C02389,800.0,18,48190.8,高频客户
C02390,715.0,21,62051.34,VIP
C02391,679.0,17,17439.82,高频客户
C02392,566.0,12,37581.46,高频客户
C02393,858.0,23,80035.94,VIP
C02394,694.0,22,61071.12,VIP
C02395,712.0,11,24959.07,高频客户
C02396,597.0,19,58778.95,VIP
C02397,771.0,17,41132.53,高频客户
C02398,782.0,22,47334.7,高频客户
C02399,813.0,19,38062.9,高频客户
C02400,758.0,20,50308.49,VIP
C02401,843.0,26,103610.11,VIP
C02402,858.0,19,52386.34,VIP
C02403,739.0,21,41991.25,高频客户
C02404,840.0,20,40872.12,高频客户
C02405,789.0,20,68125.76,VIP
C02406,836.0,27,39775.61,高频客户
C02407,858.0,23,58424.6,VIP
C02408,705.0,27,62939.62,VIP
C02409,766.0,18,32467.61,高频客户
C02410,676.0,26,67954.36,VIP
C02411,678.0,14,42553.98,高频客户
C02412,810.0,24,41725.89,高频客户
C02413,761.0,14,17750.83,高频客户
C02414,773.0,21,47143.82,高频客户
C02415,775.0,19,40145.94,高频客户
C02416,750.0,21,62578.43,VIP
C02417,848.0,21,39660.79,高频客户
C02418,720.0,18,32358.44,高频客户
C02419,845.0,22,52033.63,VIP
C02420,647.0,10,17211.57,高频客户
C02421,869.0,14,32077.74,高频客户
C02422,841.0,20,40061.97,高频客户
C02423,777.0,20,23879.36,高频客户
C02424,715.0,15,40756.38,高频客户
C02425,782.0,23,70642.47,VIP
C02426,718.0,17,47036.24,高频客户
C02427,784.0,25,78671.21,VIP
C02428,773.0,18,73307.15,VIP
C02429,850.0,16,31775.12,高频客户
C02430,666.0,21,43505.02,高频客户
C02431,810.0,22,70231.44,VIP
C02432,743.0,18,37432.59,高频客户
C02433,753.0,28,44062.18,高频客户
C02434,702.0,9,5697.88,活跃客户
C02435,849.0,14,29175.24,高频客户
C02436,866.0,21,55740.37,VIP
C02437,750.0,23,55877.76,VIP
C02438,792.0,16,13618.4,活跃客户
C02439,857.0,26,90559.38,VIP
C02440,852.0,18,48037.07,高频客户
C02441,653.0,22,68385.35,VIP
C02442,837.0,19,55636.19,VIP
C02443,873.0,26,61125.88,VIP
C02444,687.0,15,48093.97,高频客户
C02445,679.0,19,36824.19,高频客户
C02446,871.0,17,38787.86,高频客户
C02447,777.0,25,71927.28,VIP
C02448,863.0,19,37318.75,高频客户
C02449,797.0,17,39508.85,高频客户
C02450,757.0,17,48746.66,高频客户
C02451,805.0,25,44857.93,高频客户
C02452,839.0,17,39952.78,高频客户
C02453,822.0,14,46425.26,高频客户
C02454,777.0,16,33254.18,高频客户
C02455,736.0,21,34345.69,高频客户
C02456,792.0,22,97178.86,VIP
C02457,728.0,20,48840.59,高频客户
C02458,781.0,17,30794.49,高频客户
C02459,856.0,18,34308.74,高频客户
C02460,692.0,19,54382.23,VIP
C02461,730.0,16,25577.95,高频客户
C02462,792.0,21,55220.22,VIP
C02463,858.0,16,24152.54,高频客户
C02464,859.0,25,52951.5,VIP
C02465,868.0,22,49918.42,高频客户
C02466,797.0,23,41261.75,高频客户
C02467,849.0,30,50035.73,VIP
C02468,851.0,18,34124.85,高频客户
C02469,840.0,21,67901.02,VIP
C02470,810.0,20,60258.94,VIP
C02471,638.0,15,59773.06,VIP
C02472,829.0,20,35601.57,高频客户
C02473,618.0,18,30622.15,高频客户
C02474,608.0,25,52883.23,VIP
C02475,814.0,28,48556.16,高频客户
C02476,833.0,24,70103.26,VIP
C02477,761.0,24,57551.24,VIP
C02478,765.0,21,44898.08,高频客户
C02479,747.0,20,44584.21,高频客户
C02480,743.0,20,42817.99,高频客户
C02481,602.0,19,41814.06,高频客户
C02482,737.0,27,42365.93,高频客户
C02483,645.0,18,91789.5,VIP
C02484,774.0,17,26622.29,高频客户
C02485,811.0,21,75883.47,VIP
C02486,843.0,22,39517.82,高频客户
C02487,836.0,27,55468.37,VIP
C02488,708.0,18,45684.47,高频客户
C02489,631.0,17,41313.37,高频客户
C02490,803.0,20,38788.22,高频客户
C02491,682.0,19,24900.48,高频客户
C02492,850.0,33,89866.35,VIP
C02493,725.0,20,26069.7,高频客户
C02494,854.0,24,74200.23,VIP
C02495,695.0,19,47188.26,高频客户
C02496,797.0,17,34220.1,高频客户
C02497,727.0,17,30044.17,高频客户
C02498,819.0,24,64445.45,VIP
C02499,789.0,19,71860.26,VIP
C02500,813.0,17,44656.41,高频客户
C02501,711.0,19,56250.46,VIP
C02502,816.0,20,55763.35,VIP
C02503,836.0,23,36431.95,高频客户
C02504,743.0,18,54985.82,VIP
C02505,874.0,19,32321.99,高频客户
C02506,861.0,23,53487.51,VIP
C02507,750.0,16,27389.41,高频客户
C02508,823.0,14,26129.95,高频客户
C02509,820.0,18,25404.87,高频客户
C02510,691.0,13,40417.18,高频客户
C02511,696.0,14,9318.74,活跃客户
C02512,818.0,26,33819.42,高频客户
C02513,818.0,24,56713.89,VIP
C02514,832.0,21,62718.36,VIP
C02515,696.0,13,66565.69,VIP
C02516,660.0,17,56240.33,VIP
C02517,775.0,19,50795.88,VIP
C02518,836.0,29,52987.44,VIP
C02519,743.0,19,43121.78,高频客户
C02520,728.0,20,47994.35,高频客户
C02521,872.0,27,70661.92,VIP
C02522,817.0,22,61514.95,VIP
C02523,801.0,19,58150.06,VIP
C02524,845.0,23,90815.89,VIP
C02525,666.0,20,41120.22,高频客户
C02526,830.0,20,49055.33,高频客户
C02527,706.0,22,58691.75,VIP
C02528,815.0,20,41706.57,高频客户
C02529,850.0,23,60914.98,VIP
C02530,838.0,25,69069.2,VIP
C02531,834.0,21,18607.05,高频客户
C02532,848.0,24,28391.07,高频客户
C02533,849.0,19,23692.12,高频客户
C02534,811.0,20,56678.84,VIP
C02535,831.0,22,47236.64,高频客户
C02536,820.0,25,74795.5,VIP
C02537,755.0,23,91297.67,VIP
C02538,716.0,19,49512.47,高频客户
C02539,723.0,20,82033.99,VIP
C02540,614.0,10,18159.0,高频客户
C02541,816.0,14,38436.23,高频客户
C02542,864.0,25,46047.08,高频客户
C02543,806.0,16,36807.39,高频客户
C02544,613.0,19,48313.98,高频客户
C02545,867.0,22,66464.72,VIP
C02546,831.0,21,52188.12,VIP
C02547,758.0,16,37882.81,高频客户
C02548,856.0,27,60089.11,VIP
C02549,810.0,19,28053.18,高频客户
C02550,827.0,24,58171.92,VIP
C02551,781.0,28,96314.42,VIP
C02552,744.0,14,46613.15,高频客户
C02553,770.0,21,83936.69,VIP
C02554,732.0,19,44731.76,高频客户
C02555,624.0,21,49757.87,高频客户
C02556,327.0,11,48310.69,高频客户
C02557,831.0,22,41981.9,高频客户
C02558,858.0,21,52176.38,VIP
C02559,794.0,22,64652.05,VIP
C02560,733.0,14,27398.27,高频客户
C02561,865.0,21,51484.35,VIP
C02562,770.0,31,119291.39,VIP
C02563,774.0,21,47797.62,高频客户
C02564,861.0,24,67351.78,VIP
C02565,810.0,20,45257.03,高频客户
C02566,830.0,30,85718.74,VIP
C02567,785.0,24,55174.21,VIP
C02568,706.0,18,67561.13,VIP
C02569,764.0,19,43113.03,高频客户
C02570,710.0,12,25899.38,高频客户
C02571,794.0,21,50723.08,VIP
C02572,818.0,26,100488.97,VIP
C02573,699.0,21,45408.38,高频客户
C02574,775.0,17,36361.19,高频客户
C02575,822.0,19,37079.2,高频客户
C02576,809.0,23,67957.73,VIP
C02577,830.0,12,17886.29,高频客户
C02578,774.0,21,36638.04,高频客户
C02579,787.0,32,81490.21,VIP
C02580,786.0,28,106771.63,VIP
C02581,840.0,18,35127.31,高频客户
C02582,862.0,20,85256.96,VIP
C02583,868.0,23,39911.67,高频客户
C02584,861.0,24,46876.67,高频客户
C02585,764.0,19,27720.79,高频客户
C02586,786.0,23,49317.02,高频客户
C02587,810.0,20,22187.59,高频客户
C02588,841.0,26,55202.49,VIP
C02589,863.0,19,41184.78,高频客户
C02590,741.0,10,18460.88,高频客户
C02591,809.0,27,57619.71,VIP
C02592,825.0,21,26550.95,高频客户
C02593,799.0,12,22043.56,高频客户
C02594,836.0,24,74934.25,VIP
C02595,834.0,22,44984.55,高频客户
C02596,825.0,23,71897.62,VIP
C02597,775.0,22,63258.8,VIP
C02598,657.0,26,106628.94,VIP
C02599,821.0,18,74797.62,VIP
C02600,749.0,21,43550.23,高频客户
C02601,811.0,20,46971.23,高频客户
C02602,760.0,22,65442.9,VIP
C02603,778.0,24,50470.01,VIP
C02604,750.0,14,32355.04,高频客户
C02605,710.0,20,37449.11,高频客户
C02606,865.0,19,72700.35,VIP
C02607,866.0,34,108537.0,VIP
C02608,829.0,25,65817.97,VIP
C02609,720.0,15,27130.02,高频客户
C02610,683.0,21,53500.83,VIP
C02611,836.0,24,94601.64,VIP
C02612,833.0,19,26136.04,高频客户
C02613,814.0,15,41618.56,高频客户
C02614,744.0,17,34745.0,高频客户
C02615,798.0,16,32192.8,高频客户
C02616,815.0,24,81828.53,VIP
C02617,725.0,23,58974.7,VIP
C02618,788.0,15,43444.85,高频客户
C02619,803.0,17,57283.94,VIP
C02620,722.0,22,70873.1,VIP
C02621,840.0,19,36037.26,高频客户
C02622,851.0,23,40236.62,高频客户
C02623,850.0,23,81839.55,VIP
C02624,624.0,12,35388.95,高频客户
C02625,824.0,22,34663.02,高频客户
C02626,825.0,18,70361.95,VIP
C02627,773.0,24,82143.62,VIP
C02628,683.0,20,26949.27,高频客户
C02629,850.0,15,20203.05,高频客户
C02630,789.0,28,53459.26,VIP
C02631,770.0,15,61208.24,VIP
C02632,815.0,35,99547.09,VIP
C02633,667.0,21,40699.92,高频客户
C02634,733.0,16,48943.89,高频客户
C02635,860.0,26,43332.24,高频客户
C02636,671.0,21,57663.8,VIP
C02637,810.0,25,45552.2,高频客户
C02638,828.0,21,40499.5,高频客户
C02639,822.0,21,38359.8,高频客户
C02640,524.0,14,24145.7,高频客户
C02641,853.0,28,58276.65,VIP
C02642,841.0,27,52481.86,VIP
C02643,832.0,33,65718.0,VIP
C02644,851.0,22,52525.0,VIP
C02645,842.0,16,28743.02,高频客户
C02646,843.0,21,61430.81,VIP
C02647,774.0,25,53073.94,VIP
C02648,670.0,22,59774.31,VIP
C02649,859.0,21,56145.27,VIP
C02650,849.0,19,37672.47,高频客户
C02651,804.0,25,41392.4,高频客户
C02652,691.0,21,43131.66,高频客户
C02653,793.0,16,57570.08,VIP
C02654,761.0,17,47047.2,高频客户
C02655,841.0,18,43012.33,高频客户
C02656,814.0,19,50722.0,VIP
C02657,828.0,18,41694.6,高频客户
C02658,771.0,15,35550.43,高频客户
C02659,693.0,17,50085.02,VIP
C02660,804.0,24,59845.56,VIP
C02661,666.0,19,39232.16,高频客户
C02662,730.0,26,71257.86,VIP
C02663,831.0,22,47121.02,高频客户
C02664,861.0,22,31912.95,高频客户
C02665,799.0,20,59913.15,VIP
C02666,864.0,25,76644.03,VIP
C02667,680.0,17,29937.64,高频客户
C02668,759.0,16,44695.52,高频客户
C02669,740.0,21,42989.95,高频客户
C02670,840.0,21,48884.49,高频客户
C02671,793.0,20,45229.74,高频客户
C02672,733.0,23,55143.7,VIP
C02673,614.0,10,17417.68,高频客户
C02674,871.0,13,31631.48,高频客户
C02675,863.0,21,54612.47,VIP
C02676,869.0,22,46681.65,高频客户
C02677,865.0,17,67580.8,VIP
C02678,851.0,33,87772.17,VIP
C02679,826.0,23,65365.86,VIP
C02680,683.0,17,42733.99,高频客户
C02681,647.0,24,41497.5,高频客户
C02682,810.0,23,65676.21,VIP
C02683,857.0,25,50529.92,VIP
C02684,758.0,17,45068.69,高频客户
C02685,856.0,28,69067.76,VIP
C02686,747.0,22,67614.44,VIP
C02687,828.0,21,36689.8,高频客户
C02688,857.0,27,38835.39,高频客户
C02689,653.0,22,60146.9,VIP
C02690,775.0,18,36392.21,高频客户
C02691,844.0,25,63588.92,VIP
C02692,803.0,26,36346.12,高频客户
C02693,838.0,20,38780.62,高频客户
C02694,813.0,19,59865.56,VIP
C02695,801.0,20,58276.17,VIP
C02696,798.0,26,77987.62,VIP
C02697,852.0,24,102261.01,VIP
C02698,829.0,19,37724.22,高频客户
C02699,739.0,16,41657.9,高频客户
C02700,842.0,16,24044.64,高频客户
C02701,851.0,22,64852.86,VIP
C02702,841.0,21,75736.64,VIP
C02703,716.0,18,34893.74,高频客户
C02704,635.0,19,59292.75,VIP
C02705,853.0,21,30487.91,高频客户
C02706,834.0,27,49520.33,高频客户
C02707,638.0,17,58611.93,VIP
C02708,804.0,22,62623.6,VIP
C02709,867.0,18,42878.05,高频客户
C02710,613.0,18,30478.55,高频客户
C02711,568.0,8,13844.08,活跃客户
C02712,769.0,26,54435.53,VIP
C02713,658.0,24,76864.4,VIP
C02714,768.0,26,61665.06,VIP
C02715,785.0,12,33194.63,高频客户
C02716,554.0,18,47067.99,高频客户
C02717,751.0,23,68899.37,VIP
C02718,842.0,29,85513.49,VIP
C02719,771.0,18,65647.89,VIP
C02720,833.0,25,43056.7,高频客户
C02721,849.0,21,24859.9,高频客户
C02722,850.0,19,52942.54,VIP
C02723,775.0,16,39113.25,高频客户
C02724,785.0,31,81260.94,VIP
C02725,798.0,27,28393.87,高频客户
C02726,787.0,12,20096.33,高频客户
C02727,800.0,17,56738.65,VIP
C02728,825.0,24,73576.52,VIP
C02729,777.0,22,64793.68,VIP
C02730,856.0,16,28053.05,高频客户
C02731,611.0,20,41382.46,高频客户
C02732,711.0,16,36395.93,高频客户
C02733,798.0,20,65184.73,VIP
C02734,870.0,21,29775.8,高频客户
C02735,803.0,16,38690.21,高频客户
C02736,756.0,19,65264.65,VIP
C02737,789.0,22,69855.95,VIP
C02738,795.0,19,34109.86,高频客户
C02739,815.0,24,47925.56,高频客户
C02740,879.0,22,45691.82,高频客户
C02741,682.0,13,38795.1,高频客户
C02742,812.0,31,66074.6,VIP
C02743,860.0,16,20292.87,高频客户
C02744,638.0,16,54773.69,VIP
C02745,611.0,19,35414.27,高频客户
C02746,790.0,23,79438.53,VIP
C02747,862.0,19,47981.29,高频客户
C02748,754.0,25,61953.93,VIP
C02749,799.0,17,32874.02,高频客户
C02750,782.0,19,31542.48,高频客户
C02751,715.0,23,75531.89,VIP
C02752,789.0,17,53607.89,VIP
C02753,604.0,26,45369.32,高频客户
C02754,793.0,25,60067.79,VIP
C02755,755.0,19,45564.22,高频客户
C02756,806.0,22,53092.22,VIP
C02757,856.0,27,90725.82,VIP
C02758,866.0,22,35552.82,高频客户
C02759,867.0,32,45502.39,高频客户
C02760,813.0,26,58331.89,VIP
C02761,686.0,20,56425.85,VIP
C02762,856.0,25,39544.48,高频客户
C02763,834.0,20,54375.47,VIP
C02764,817.0,15,44594.77,高频客户
C02765,785.0,21,57850.15,VIP
C02766,734.0,23,23944.63,高频客户
C02767,616.0,17,29611.61,高频客户
C02768,545.0,15,44709.0,高频客户
C02769,627.0,16,66411.87,VIP
C02770,827.0,22,77664.8,VIP
C02771,817.0,30,76650.6,VIP
C02772,565.0,21,62119.82,VIP
C02773,823.0,19,47412.48,高频客户
C02774,742.0,16,71076.12,VIP
C02775,811.0,29,72961.07,VIP
C02776,725.0,18,72120.78,VIP
C02777,806.0,35,116499.3,VIP
C02778,825.0,27,87777.44,VIP
C02779,860.0,31,89293.23,VIP
C02780,841.0,29,76157.18,VIP
C02781,669.0,19,32151.98,高频客户
C02782,807.0,16,57797.19,VIP
C02783,830.0,26,66950.58,VIP
C02784,822.0,24,105624.41,VIP
C02785,781.0,27,36682.46,高频客户
C02786,851.0,27,84195.6,VIP
C02787,695.0,18,50673.02,VIP
C02788,703.0,18,37893.51,高频客户
C02789,789.0,14,20592.32,高频客户
C02790,797.0,20,62131.63,VIP
C02791,785.0,18,53748.47,VIP
C02792,817.0,29,88024.23,VIP
C02793,711.0,24,98862.94,VIP
C02794,699.0,17,18338.17,高频客户
C02795,668.0,21,30657.07,高频客户
C02796,783.0,20,44094.68,高频客户
C02797,796.0,20,58797.59,VIP
C02798,703.0,18,46342.38,高频客户
C02799,818.0,24,51291.36,VIP
C02800,861.0,25,60638.15,VIP
C02801,777.0,17,43599.33,高频客户
C02802,827.0,30,51858.26,VIP
C02803,862.0,21,35774.73,高频客户
C02804,540.0,16,15802.9,高频客户
C02805,846.0,26,97584.13,VIP
C02806,751.0,24,52253.76,VIP
C02807,665.0,21,59582.76,VIP
C02808,769.0,22,59684.33,VIP
C02809,751.0,21,48545.93,高频客户
C02810,752.0,26,60874.56,VIP
C02811,812.0,17,37813.48,高频客户
C02812,857.0,14,49433.1,高频客户
C02813,764.0,20,50014.69,VIP
C02814,819.0,24,52995.75,VIP
C02815,827.0,20,60517.71,VIP
C02816,781.0,20,41749.64,高频客户
C02817,784.0,21,59344.71,VIP
C02818,789.0,11,31173.07,高频客户
C02819,830.0,16,48609.82,高频客户
C02820,816.0,22,44137.41,高频客户
C02821,733.0,19,65947.66,VIP
C02822,840.0,22,59194.57,VIP
C02823,795.0,13,26812.64,高频客户
C02824,758.0,23,68486.59,VIP
C02825,824.0,39,91979.9,VIP
C02826,680.0,26,72171.88,VIP
C02827,721.0,20,49650.36,高频客户
C02828,641.0,23,66499.59,VIP
C02829,826.0,25,53233.88,VIP
C02830,827.0,17,23408.46,高频客户
C02831,639.0,18,42793.52,高频客户
C02832,813.0,15,38464.98,高频客户
C02833,784.0,20,55703.62,VIP
C02834,678.0,27,62887.95,VIP
C02835,741.0,19,46243.8,高频客户
C02836,835.0,25,38986.34,高频客户
C02837,700.0,18,20817.51,高频客户
C02838,778.0,20,54174.37,VIP
C02839,649.0,15,29057.24,高频客户
C02840,746.0,22,33297.16,高频客户
C02841,821.0,23,46278.96,高频客户
C02842,826.0,20,40730.12,高频客户
C02843,783.0,12,39125.03,高频客户
C02844,686.0,19,40112.09,高频客户
C02845,832.0,23,80321.51,VIP
C02846,846.0,20,56248.78,VIP
C02847,726.0,26,46147.71,高频客户
C02848,703.0,17,39422.9,高频客户
C02849,849.0,15,62481.02,VIP
C02850,802.0,18,42434.38,高频客户
C02851,854.0,22,42572.67,高频客户
C02852,783.0,24,72033.77,VIP
C02853,690.0,18,51547.93,VIP
C02854,814.0,19,89098.7,VIP
C02855,878.0,15,34690.84,高频客户
C02856,860.0,24,125318.31,VIP
C02857,811.0,20,38878.93,高频客户
C02858,727.0,13,35371.44,高频客户
C02859,775.0,23,61009.01,VIP
C02860,610.0,21,69460.0,VIP
C02861,725.0,18,31303.45,高频客户
C02862,865.0,21,64797.71,VIP
C02863,652.0,25,81345.06,VIP
C02864,781.0,17,65838.95,VIP
C02865,844.0,30,73699.98,VIP
C02866,720.0,23,45853.93,高频客户
C02867,832.0,20,39900.19,高频客户
C02868,849.0,16,41693.21,高频客户
C02869,861.0,25,57332.27,VIP
C02870,861.0,20,53961.5,VIP
C02871,861.0,19,24710.23,高频客户
C02872,768.0,21,45922.18,高频客户
C02873,772.0,22,50173.7,VIP
C02874,796.0,21,53427.57,VIP
C02875,846.0,16,54429.1,VIP
C02876,866.0,20,41022.34,高频客户
C02877,863.0,27,45862.86,高频客户
C02878,774.0,29,57477.3,VIP
C02879,789.0,21,52661.21,VIP
C02880,873.0,21,56722.45,VIP
C02881,683.0,21,44552.78,高频客户
C02882,820.0,17,28257.51,高频客户
C02883,754.0,18,45628.29,高频客户
C02884,700.0,20,34288.91,高频客户
C02885,864.0,23,44474.41,高频客户
C02886,641.0,18,45958.21,高频客户
C02887,801.0,20,61934.27,VIP
C02888,843.0,23,58335.95,VIP
C02889,819.0,17,35483.11,高频客户
C02890,727.0,20,24229.97,高频客户
C02891,845.0,17,25663.68,高频客户
C02892,645.0,24,39651.89,高频客户
C02893,722.0,22,86504.62,VIP
C02894,710.0,22,119649.51,VIP
C02895,841.0,26,79765.35,VIP
C02896,756.0,19,49827.84,高频客户
C02897,673.0,20,80359.74,VIP
C02898,815.0,23,75260.49,VIP
C02899,787.0,16,32921.84,高频客户
C02900,729.0,24,62859.63,VIP
C02901,766.0,25,64624.04,VIP
C02902,830.0,24,47521.97,高频客户
C02903,643.0,22,50172.65,VIP
C02904,768.0,27,56862.86,VIP
C02905,855.0,22,57211.67,VIP
C02906,836.0,24,81628.73,VIP
C02907,847.0,19,30094.02,高频客户
C02908,800.0,37,90523.29,VIP
C02909,730.0,29,77576.7,VIP
C02910,804.0,19,35027.17,高频客户
C02911,843.0,31,92841.83,VIP
C02912,772.0,22,47401.4,高频客户
C02913,793.0,20,45992.06,高频客户
C02914,777.0,19,47205.88,高频客户
C02915,825.0,31,56294.06,VIP
C02916,809.0,21,58253.28,VIP
C02917,815.0,27,70883.95,VIP
C02918,835.0,22,78364.68,VIP
C02919,807.0,16,124169.08,VIP
C02920,844.0,24,68548.97,VIP
C02921,793.0,18,36079.93,高频客户
C02922,716.0,12,29640.69,高频客户
C02923,667.0,18,44128.32,高频客户
C02924,811.0,17,23704.06,高频客户
C02925,782.0,17,28464.4,高频客户
C02926,875.0,24,50139.33,VIP
C02927,790.0,17,43191.94,高频客户
C02928,722.0,19,47604.25,高频客户
C02929,830.0,24,75528.85,VIP
C02930,802.0,26,72519.86,VIP
C02931,737.0,18,62224.94,VIP
C02932,574.0,23,80036.74,VIP
C02933,765.0,18,56838.79,VIP
C02934,856.0,18,62427.1,VIP
C02935,729.0,19,50157.84,VIP
C02936,760.0,16,48521.42,高频客户
C02937,835.0,21,52584.24,VIP
C02938,775.0,22,86292.44,VIP
C02939,805.0,19,55582.45,VIP
C02940,852.0,25,49778.42,高频客户
C02941,667.0,20,40342.4,高频客户
C02942,706.0,19,57767.85,VIP
C02943,781.0,26,44203.13,高频客户
C02944,837.0,24,59552.0,VIP
C02945,795.0,23,41107.04,高频客户
C02946,757.0,22,52929.89,VIP
C02947,851.0,20,88373.72,VIP
C02948,801.0,18,24192.08,高频客户
C02949,662.0,17,64250.07,VIP
C02950,822.0,23,67687.52,VIP
C02951,812.0,17,14920.85,活跃客户
C02952,837.0,19,36522.71,高频客户
C02953,629.0,14,16848.9,高频客户
C02954,680.0,21,51601.24,VIP
C02955,759.0,15,42647.75,高频客户
C02956,834.0,21,64113.59,VIP
C02957,869.0,21,69380.31,VIP
C02958,656.0,22,26355.06,高频客户
C02959,760.0,19,45037.16,高频客户
C02960,796.0,24,59217.34,VIP
C02961,790.0,33,83206.23,VIP
C02962,804.0,22,58724.79,VIP
C02963,819.0,25,76529.9,VIP
C02964,823.0,24,82440.18,VIP
C02965,801.0,23,48925.55,高频客户
C02966,663.0,18,48245.21,高频客户
C02967,824.0,27,43440.11,高频客户
C02968,855.0,21,59078.76,VIP
C02969,839.0,28,96274.56,VIP
C02970,833.0,15,41181.87,高频客户
C02971,825.0,19,25446.28,高频客户
C02972,858.0,23,46557.2,高频客户
C02973,638.0,22,61585.43,VIP
C02974,689.0,14,31261.48,高频客户
C02975,860.0,28,51260.19,VIP
C02976,851.0,27,52108.76,VIP
C02977,808.0,17,44316.42,高频客户
C02978,849.0,22,32018.57,高频客户
C02979,776.0,15,58922.18,VIP
C02980,849.0,20,27732.07,高频客户
C02981,769.0,26,46568.21,高频客户
C02982,823.0,15,29950.2,高频客户
C02983,873.0,29,84264.94,VIP
C02984,840.0,24,62309.88,VIP
C02985,771.0,24,61033.39,VIP
C02986,587.0,22,46717.83,高频客户
C02987,769.0,21,81033.82,VIP
C02988,828.0,27,61655.7,VIP
C02989,862.0,24,42122.77,高频客户
C02990,859.0,22,49851.56,高频客户
C02991,826.0,13,37243.61,高频客户
C02992,810.0,28,50803.85,VIP
C02993,738.0,13,41934.23,高频客户
C02994,661.0,20,51189.99,VIP
C02995,857.0,15,25116.46,高频客户
C02996,709.0,26,36078.87,高频客户
C02997,848.0,23,44064.45,高频客户
C02998,844.0,24,61666.29,VIP
C02999,853.0,23,81544.19,VIP
C03000,783.0,19,71685.12,VIP
